sample_id	MS1_TIC_median	MS1_TIC_CV	MS2_precursor_events	MS1_frames	MS2_frames	Gradient_min
002_Achromobacter_xylosoxidans_ssp_xylosoxidans_DSM2402_DDA100_4310	1162835.0	1.0975810610302918	38618	1029	5324	11.497421633333333
005_Acinetobacter_lwoffii_DSM2403_DDA100_4346	4169587.5	1.0294940537010253	38418	970	5399	11.497020066666666
007_Acinetobacter_pittii_DSM9312_DDA100_4316	3909090.0	1.0110846692304782	36388	951	5424	11.498002983333333
008_Acinetobacter_pittii_DSM9318_DDA100_4382	6973003.5	0.9860704843819421	42228	950	5423	11.4973005
011_Aeromonas_hydrophila_ssp_hydrophila_DSM30187_DDA100_4332	5357293.0	1.0293617575908465	39914	958	5417	11.497283216666666
012_Aeromonas_hydrophila_ssp_ranae_DSM17695_DDA100_4312	934395.5	1.092335266142798	38903	1030	5325	11.496891683333333
013_Aeromonas_veronii_DSM7386_DDA100_4342	2552098.0	1.0481242709662542	41369	1009	5349	11.49666915
021_Alcaligenes_faecalis_ssp_faecalis_DSM30030_DDA100_4308	1227486.0	1.0885947093533745	38268	1017	5336	11.497378966666668
022_Alcaligenes_faecalis_ssp_parafaecalis_DSM13975_DDA100_4352	1634154.0	1.0764650853928448	38269	1006	5365	11.49802725
064_Bacteroides_fragilis_DSM2151_DDA100_4328	1371896.0	1.1030812400421999	36906	1026	5332	11.497262383333332
066_Bordetella_pertussis_DSM5571_DDA100_4442	684637.0	1.096853446885078	39490	1037	5315	11.497289333333333
070_Brevundimonas_diminuta_DSM7234_DDA100_4450	3079773.0	1.042815348505953	41139	999	5362	11.498268533333334
072_Brevundimonas_diminuta_DSM1635_DDA100_4440	4334265.0	1.0364824860128343	40840	977	5391	11.49793625
076_Brevundimonas_vesicularis_DSM7226_DDA100_4446	3290770.0	1.0516227589046767	42213	998	5365	11.497863283333334
078_Brevundimonas_vesicularis_DSM108136_DDA100_4454	909400.5	1.056620983047877	42773	1026	5330	11.497798183333334
098_Klebsiella_quasipneumoniae_ssp_similipneumoniae_DSM28212_DDA100_4372	687942.0	1.0881756930005346	41202	1049	5301	11.497054466666667
100_Stenotrophomonas_maltophilia_DSM50170_DDA100_4322	3398940.5	1.0517656054233384	37469	968	5407	11.496965583333333
107_Klebsiella_quasipneumoniae_ssp_quasipneumoniae_DSM28211_DDA100_4384	5435445.0	1.0233597452149503	42669	996	5366	11.497362883333333
111_Enterococcus_faecium_DSM20477_DDA100_4282	3345030.0	1.05583023306239	37782	991	5371	11.497704433333332
116_Citrobacter_amalonaticus_DSM4593_DDA100_4336	749021.0	1.1101702655650851	38441	1043	5307	11.496892083333334
117_Citrobacter_amalonaticus_DSM17342_DDA100_4356	711308.0	1.1084914765526825	38110	1035	5325	11.4966062
120_Citrobacter_freundii_DSM14984_DDA100_4400	1644763.0	1.0688912991497415	40901	1014	5348	11.498221433333333
123_Citrobacter_freundii_DSM24120_DDA100_4404	786945.5	1.0893166933010674	40970	1040	5311	11.4969508
126_Citrobacter_koseri_DSM4570_DDA100_4426	1522228.0	1.0660151240906364	40774	1017	5341	11.496883966666667
129_Citrobacter_koseri_DSM4596_DDA100_4394	772136.0	1.1117012827666328	39831	1051	5323	11.496733916666667
130_Escherichia_coli_DSM30083_DDA100_4275	1255216.5	1.0808983701756385	38927	1014	5345	11.497826583333334
132_Corynebacterium_diphtheriae_DSM43988_DDA100_4398	3203402.0	1.044310644231885	39356	993	5371	11.497138033333332
133_Haemophilus_influenzae_DSM4690_DDA100_4378	1242820.0	1.093559643186884	37576	1024	5331	11.497404633333334
135_Haemophilus_influenzae_DSM10000_DDA100_4456	1409134.5	1.070346087220116	39317	1024	5330	11.498621583333334
138_Corynebacterium_diphtheriae_ssp_diphtheriae_DSM44123_DDA100_4330	1487776.0	1.0875641479652227	38068	1017	5339	11.497334783333335
139_Haemophilus_influenzae_DSM10001_DDA100_4448	1056842.0	1.082734430339859	38949	1025	5330	11.498086533333332
141_Corynebacterium_pseudotuberculosis_DSM20689_DDA100_4344	3137951.0	1.0442285210993296	39413	987	5378	11.497020666666666
142_Klebsiella_aerogenes_DSM30053_DDA100_4350	750376.0	1.1035770584519768	39853	1042	5309	11.497045283333334
144_Corynebacterium_pseudotuberculosis_DSM7177_DDA100_4444	5521200.0	1.0177918836920063	40822	965	5406	11.497158583333334
147_Corynebacterium_pseudotuberculosis_DSM7178_DDA100_4438	2507323.0	1.054822338080351	41696	998	5364	11.49841875
150_Corynebacterium_ulcerans_DSM46325_DDA100_4338	2666176.0	1.0549555998061522	36979	988	5375	11.4973007
153_Enterobacter_cloacae_ssp_cloacae_DSM30054_DDA100_4271	706021.0	1.1250820020681136	38303	1044	5320	11.496781833333333
159_Enterobacter_hormaechei_ssp_hoffmannii_DSM14563_DDA100_4292	9160185.0	0.9786570090016586	42400	946	5427	11.498203
162_Enterobacter_hormaechei_ssp_hormaechei_DSM12409_DDA100_4290	821896.0	1.0877102475448872	39248	1028	5334	11.497242283333332
163_Klebsiella_pneumoniae_ssp_pneumonia_DSM30104_DDA100_4380	994636.0	1.0864933176441274	41120	1030	5325	11.497976566666667
165_Enterobacter_hormaechei_ssp_steigerwaltii_DSM16691_DDA100_4286	1009598.0	1.063110473214502	40920	1033	5321	11.497905433333333
173_Leclercia_adecarboxylata_DSM5077_DDA100_4348	684426.5	1.1157420385906915	37495	1058	5299	11.498525233333334
174_Legionella_pneumophila_ssp_fraseri_DSM7514_DDA100_4396	4046711.5	1.0425030360173704	38962	982	5393	11.498520466666667
180_Legionella_pneumophila_ssp_pascullei_DSM7515_DDA100_4424	1034231.0	1.0838770213644289	39122	1027	5327	11.497421816666668
184_Legionella_pneumophila_ssp_pneumophila_DSM7513_DDA100_4402	1464663.0	1.0754072053257095	39612	1018	5340	11.498136749999999
200_Leuconostoc_pseudomesenteroides_DSM20193_DDA100_4458	812380.5	1.1016016786330418	36040	1030	5322	11.4971084
210_Micrococcus_luteus_DSM20030_DDA100_4273	3891225.0	1.0715049226307638	38694	988	5384	11.497225716666666
212_Micrococcus_luteus_DSM14234_DDA100_4436	4736792.0	1.024847131191642	40445	961	5412	11.497233916666666
214_Moraxella_catarrhalis_DSM9143_DDA100_4366	3714596.0	1.0576007369067377	39631	993	5377	11.496805883333334
216_Moraxella_catarrhalis_DSM11994_DDA100_4362	2961043.0	1.0653713829500746	39329	999	5369	11.497333983333334
218_Morganella_morganii_ssp_morganii_DSM30164_DDA100_4360	3304007.5	1.0506325859832604	37820	982	5385	11.496877733333333
220_Morganella_morganii_ssp_morganii_DSM30117_DDA100_4358	995182.5	1.091473389063247	39020	1028	5333	11.497937916666666
222_Morganella_morganii_ssp_sibonii_DSM14850_DDA100_4376	2706588.0	1.0670337574112945	39433	1003	5358	11.497041683333332
224_Morganella_morganii_ssp_sibonii_DSM6675_DDA100_4354	3506377.0	1.0587560340144806	37537	987	5388	11.497996583333332
225_Neisseria_gonorrhoeae_DSM9188_DDA100_4370	3791923.5	1.0586691661389753	37817	980	5387	11.496988916666668
226_Neisseria_gonorrhoeae_DSM9189_DDA100_4368	2054100.0	1.0818691932512208	37366	1001	5368	11.498400299999998
227_Neisseria_meningitidis_DSM10036_DDA100_4364	2073462.0	1.0774982914051137	37596	1004	5365	11.496871383333334
228_Pantoea_agglomerans_DSM3493_DDA100_4374	3616258.0	1.069913361564992	39806	1007	5354	11.498272166666668
229_Pantoea_agglomerans_DSM1619_DDA100_4386	1882763.5	1.0689128567970287	40583	1020	5336	11.4980569
230_Paracoccus_yeei_DSM30768_DDA100_4432	3892159.0	1.051234361356171	40833	985	5383	11.49860475
232_Proteus_mirabilis_DSM4479_DDA100_4408	788462.0	1.0755646644772145	39731	1027	5328	11.497632633333334
233_Proteus_mirabilis_DSM788_DDA100_4418	660773.5	1.0923948725898405	40099	1044	5306	11.498327183333334
246_Proteus_vulgaris_DSM13387_DDA100_4392	2216681.0	1.0590797266074454	38887	1001	5362	11.498247633333333
247_Proteus_vulgaris_DSM2140_DDA100_4390	1175609.0	1.0798617188034483	38630	1015	5341	11.496952649999999
249_Streptococcus_agalactiae_DSM6784_DDA100_4298	5457064.0	1.034823506175766	38167	967	5401	11.498484083333333
250_Providencia_rettgeri_DSM4542_DDA100_4334	1026860.0	1.0937430990509098	37743	1025	5326	11.49666155
251_Streptococcus_dysgalactiae_ssp_dysgalactiae_DSM20662_DDA100_4284	3594961.5	1.0630556702513974	36478	992	5371	11.49777845
252_Providencia_rettgeri_DSM1131_DDA100_4412	790706.0	1.0835736042267616	40026	1031	5324	11.496754933333333
253_Streptococcus_dysgalactiae_ssp_equisimilis_DSM6176_DDA100_4280	5024744.0	1.0459347712072147	37984	978	5391	11.49779145
254_Providencia_stuartii_DSM4539_DDA100_4314	3106813.0	1.0514735051828599	38651	991	5374	11.497809316666666
255_Streptococcus_dysgalactiae_ssp_equisimilis_DSM23147_DDA100_4288	3599326.5	1.0450198740842038	39257	998	5364	11.497048166666668
256_Providencia_stuartii_DSM2250_DDA100_4414	3554604.0	1.042592674377845	38111	971	5398	11.497217933333333
261_Streptococcus_pneumoniae_DSM11865_DDA100_4294	667107.5	1.1374464503523318	28950	1048	5299	11.498447266666666
263_Streptococcus_pyogenes_DSM2071_DDA100_4300	4605318.0	1.0315803980165787	36682	970	5398	11.498276683333334
264_Pseudomonas_stutzeri_DSM5190_DDA100_4320	2405111.0	1.066076537060801	37483	999	5360	11.497647050000001
265_Streptococcus_pyogenes_DSM2072_DDA100_4296	5763922.0	0.9864305405187269	35741	905	5485	11.498257800000001
266_Pseudomonas_stutzeri_DSM13592_DDA100_4452	1420514.5	1.0717650742405025	40301	1016	5344	11.49763665
267_Streptococcus_sanguinis_DSM20068_DDA100_4304	1780687.0	1.067169045706951	33963	1001	5357	11.496521383333334
269_Streptococcus_sanguinis_DSM20567_DDA100_4302	3433208.0	1.054619114674427	38331	990	5375	11.498251683333333
270_Shigella_boydii_DSM7532_DDA100_4324	1363405.0	1.0746397606418243	38435	1019	5338	11.498013316666666
271_Vibrio_cholerae_DSM100200_DDA100_4306	1359693.0	1.0906203744193155	38679	1013	5347	11.497429033333333
272_Shigella_dysenteriae_DSM103303_DDA100_4428	887956.0	1.0932424023168452	38521	1031	5325	11.497875433333332
273_Vibrio_cholerae_DSM101014_DDA100_4388	4724837.5	1.0431773356660214	41206	998	5366	11.497242983333333
274_Shigella_flexneri_DSM4782_DDA100_4340	1289897.0	1.0808346529426998	37655	1015	5343	11.498486533333333
275_Yersinia_pseudotuberculosis_DSM22972_DDA100_4422	1085040.0	1.073696460425597	39708	1025	5331	11.49790475
278_Shigella_sonnei_DSM25715_DDA100_4434	812634.0	1.0692543973910338	41528	1033	5319	11.496772016666666
280_Sphingomonas_paucimobilis_DSM30198_DDA100_4430	5416711.0	1.0362505658825034	41911	981	5385	11.497219366666666
281_Staphylococcus_capitis_ssp_capitis_DSM20326_DDA100_4326	3549167.5	1.0380400554076543	35881	948	5427	11.4970858
282_Staphylococcus_capitis_ssp_urealyticus_DSM6717_DDA100_4406	2679171.0	1.0303850070369007	32528	968	5404	11.497966516666667
283_Staphylococcus_pasteuri_DSM10656_DDA100_4410	3395047.0	1.0566872659359814	37052	977	5390	11.497632183333334
284_Staphylococcus_pasteuri_DSM10657_DDA100_4416	843081.0	1.080322402243235	29569	1022	5333	11.496942350000001
001_Achromobacter_xylosoxidans_HST_62_DDA100_5422	2080260.0	1.0628427252804322	37560	993	5370	11.498184983333335
003_Acinetobacter_baumannii_DSM30011_DDA100_5340	5986983.0	0.9993392160522938	39800	940	5435	11.496826266666666
004_Aeromonas_hydrophila_ssp_hydrophila_DSM30183_DDA100_5418	1523139.5	1.0753074291923557	35505	996	5366	11.497922716666666
014_Bacillus_atrophaeus_LSSC3_DDA100_5386	1893010.0	1.0718403454465766	38871	1002	5357	11.496922616666666
016_Bacillus_cereus_ATCC10987_DDA100_5362	785994.5	1.0859988997211396	39129	1024	5331	11.498255416666666
018_Bacillus_atrophaeus_GBSC56_DDA100_5358	3156682.0	1.0688368847150687	40322	997	5364	11.497117166666667
019_Bacillus_atrophaeus_NMTD54_DDA100_5348	563971.0	1.100060484206549	41054	1039	5312	11.498159316666666
020_Bacillus_atrophaeus_TS1_DDA100_5378	754654.5	1.0894322777253236	38613	1022	5335	11.497581416666666
024_Bacillus_cereus_DSM31_DDA100_5324	605628.0	1.1080691298833285	37750	1029	5325	11.498421766666667
026_Bacillus_halotolerans_LNXM37_DDA100_5346	5662884.0	1.0281019120986263	41591	973	5396	11.497719716666667
028_Bacillus_safensis_GBSW22_DDA100_5388	1570240.0	1.07288752934489	39688	1009	5348	11.496892316666667
030_Bacillus_sp._LLTC93_DDA100_5342	585094.0	1.1019666730884285	38734	1032	5320	11.498110916666667
032_Bacillus_sp._RJGP41_DDA100_5390	3415648.0	1.0578481072681312	37384	982	5385	11.498461266666668
034_Bacillus_subtilis_ssp_subtilis_SYST2_DDA100_5364	597289.0	1.0981828750546645	39457	1031	5322	11.497027833333334
036_Bacillus_subtilis_ssp_subtilis_NMSX4_DDA100_5370	584404.5	1.096031291675979	39938	1030	5324	11.497124216666666
038_Bacillus_subtilis_DSM10_DDA100_5352	937114.0	1.0845653491357727	40032	1023	5334	11.498025533333333
040_Bacillus_thuringiensis_GBAC46_DDA100_5384	3071468.0	1.0599993232450982	38930	987	5379	11.49830315
042_Bacillus_thuringiensis_NMTD81_DDA100_5376	593650.0	1.1031242873669478	38550	1031	5324	11.497187266666666
044_Bacillus_velezensis_GBSW11_DDA100_5380	624476.0	1.0992241633633475	38774	1027	5333	11.498418816666666
045_Burkholderia_cepacia_DSM50181_DDA100_5284	3230531.0	1.0600379199739272	38046	969	5402	11.497961966666667
046_Bacillus_velezensis_DSM23117_DDA100_5338	2469626.5	1.075803727131443	38479	998	5365	11.498143516666666
048_Bacillus_wiedmannii_GBSC29_DDA100_5368	2320880.0	1.0778881952827988	38528	1000	5360	11.497109733333334
050_Bacillus_wiedmannii_GBSC45_DDA100_5372	1385143.5	1.081332774761775	38849	1006	5353	11.497420233333335
051_Campylobacter_coli_DSM4689_DDA100_5278	599350.0	1.1172520493314746	37510	1032	5321	11.498277816666667
052_Bacillus_wiedmannii_LLCG23_DDA100_5374	1080612.0	1.097201599449805	38175	1016	5359	11.497397916666667
053_Campylobacter_coli_DSM24132_DDA100_5288	598410.5	1.130218834771636	35958	1032	5322	11.498030983333333
054_Bacillus_wiedmannii_NMSL88_DDA100_5366	1820587.0	1.0806540918607088	38598	1004	5355	11.497038616666666
056_Campylobacter_jejuni_DSM24114_DDA100_5292	2522120.0	1.0749153139739354	36954	991	5376	11.497195616666666
057_Bacillus_wiedmannii_NMSW23_DDA100_5382	2157281.5	1.0775234552217243	38556	1002	5359	11.497486316666668
058_Burkholderia_cepacia_DSM7288_DDA100_5356	4495591.0	1.0443763982058323	39227	967	5403	11.498208216666665
060_Citrobacter_freundii_DSM30039_DDA100_5350	2166845.0	1.0640469665567764	40740	1007	5352	11.498632566666666
062_Enterobacter_quasiroggenkampii_E34_DDA100_5328	1450542.5	1.0840799636873877	39038	1006	5353	11.497694666666666
067_Clostridioides_difficile_DSM12056_DDA100_5304	3050144.0	1.0565351808786037	38131	986	5379	11.497054283333334
068_Bordetella_pertussis_DSM4924_DDA100_5254	1564447.0	1.0872619624883837	38808	1008	5354	11.49849925
074_Brevundimonas_intermedia_DSM4732_DDA100_5252	6435671.5	1.0155364896520669	40932	952	5423	11.497585866666666
075_Clostridium_perfringens_DSM756_DDA100_5266	1787815.5	1.0798617847545622	37323	1002	5366	11.498329716666666
077_Clostridium_perfringens_DSM798_DDA100_5306	1330556.0	1.0856332585927302	37078	1008	5351	11.497412233333334
079_Clostridium_tetani_DSM11744_DDA100_5312	7373497.0	1.00963770539832	38589	949	5428	11.498412583333334
080_Clostridium_tetani_DSM11745_DDA100_5262	6631243.0	1.0133393513029598	38175	954	5419	11.497309416666667
082_Cutibacterium_acnes_ssp_acnes_DSM1897_DDA100_5258	3729606.5	1.0606130732724304	38360	980	5387	11.497820633333333
083_Cutibacterium_acnes_ssp_acnes_DSM16379_DDA100_5260	3304590.0	1.0597156332884383	37521	969	5401	11.49795955
084_Cutibacterium_acnes_ssp_acnes_DSM108415_DDA100_5264	4172164.0	1.0425044298861363	38405	967	5410	11.498693666666666
085_Cutibacterium_granulosum_DSM20700_DDA100_5308	5873931.0	1.0236360344089295	39482	956	5418	11.498196266666667
086_Cutibacterium_granulosum_DSM20458_DDA100_5310	4245839.0	1.0543144655010523	37809	975	5394	11.497766216666667
092_Helicobacter_pylori_DSM7492_DDA100_5272	1607310.0	1.0797154656664096	37555	1007	5356	11.497401266666666
093_Helicobacter_pylori_DSM10242_DDA100_5270	985304.0	1.111368461285299	36269	1017	5346	11.496919716666667
109_Escherichia_coli_DSM3871_DDA100_5326	593154.5	1.1290589724160005	37397	1052	5296	11.497232066666667
112_Enterococcus_faecalis_DSM20371_DDA100_5394	4005164.0	1.0240171796930861	35689	942	5437	11.497864016666666
114_Enterococcus_faecium_UW6713_DDA100_5420	3240167.0	1.0471470448469473	35645	969	5399	11.498233983333334
115_Klebsiella_oxytoca_CCUG_15788_DDA100_5400	1297878.5	1.0860842353495694	35210	1006	5355	11.498489616666665
118_Pseudomonas_aeruginosa_DSM50071_DDA100_5354	4434131.0	1.0208074537288185	39905	957	5416	11.497934783333333
119_Pseudomonas_aeruginosa_DSM1117_DDA100_5396	2736074.5	1.0401619038571215	35526	966	5404	11.4967398
121_Pseudomonas_aeruginosa_DSM29238_DDA100_5412	2364357.0	1.0410825687494514	35229	973	5397	11.49693105
127_Ralstonia_pickettii_DSM6297_DDA100_5334	2752552.0	1.0590020484692555	37599	986	5380	11.497428133333333
128_Klebsiella_oxytoca_Oman_61_DDA100_5440	4137895.5	1.0393593948211957	38525	968	5400	11.498323033333332
131_Klebsiella_pneumoniae_ssp_ozaenae_ATCC25926_DDA100_5436	3338820.5	1.0558303365704649	38815	980	5388	11.498554033333333
134_Proteus_columbae_MN12_DDA100_5438	4002650.0	1.0354717906323336	37519	962	5408	11.497706583333333
136_Corynebacterium_diphtheriae_DSM43989_DDA100_5256	5297045.0	1.030149107743128	40014	963	5408	11.498406316666665
145_Ralstonia_insidiosa_Rp_127_DDA100_5402	4394976.0	1.0308788085574274	37194	951	5424	11.497698033333334
146_Staphylococcus_aureus_DSM4910_DDA100_5428	2927791.0	1.0501273591083746	36165	964	5405	11.497958066666666
148_Salmonella_enterica_sv_enteritidis_LT21-Ib_08-01796_DDA100_5410	3382609.0	1.0505518725709067	38142	978	5389	11.496785216666666
149_Staphylococcus_aureus_DSM25693_DDA100_5432	2793684.0	1.053587263664639	36291	967	5404	11.497009433333334
151_Salmonella_enterica_sv_typhimurium_DT104_08-01627_DDA100_5398	2357640.0	1.0607339814713275	35870	980	5383	11.496987983333334
152_Staphylococcus_epidermidis_DSM1798_DDA100_5318	1081518.0	1.0838317715152934	34440	1006	5353	11.49842685
154_Shigella_boydii_06-06820_DDA100_5404	3289067.5	1.050207739883045	37200	970	5399	11.497858299999999
156_Klebsiella_aerogenes_E19_DDA100_5416	4243635.0	1.0304083564448063	37652	951	5421	11.496912816666667
157_Shigella_flexneri_3A_07-02503_DDA100_5408	4785122.5	1.0310572027910083	37598	962	5409	11.497740616666666
158_Staphylococcus_hominis_ssp_hominis_DSM20328_DDA100_5322	2344133.0	1.075982838253138	34864	989	5378	11.49830285
160_Staphylococcus_aureus_DSM20231_DDA100_5320	3141002.5	1.0570207951336088	36520	966	5403	11.498095016666667
161_Staphylococcus_lugdunensis_DSM4804_DDA100_5330	3155483.0	1.062982887403523	36482	981	5386	11.496909216666667
164_Staphylococcus_lugdunensis_09-00515_DDA100_5424	2825452.0	1.0443417057806363	35489	967	5403	11.496972433333333
168_Klebsiella_oxytoca_DSM5175_DDA100_5360	990360.5	1.0816289766878546	40018	1020	5336	11.497866266666668
169_Staphylococcus_epidermidis_DSM20044_DDA100_5392	2824259.0	1.0452764935871803	34110	968	5402	11.49807185
178_Clostridium_perfringens_DSM628_DDA100_5250	2911961.5	1.075499802973543	36407	974	5402	11.497753816666666
181_Prevotella_intermedia_DSM20706_DDA100_5268	639531.0	1.152912385207484	31303	1046	5311	11.498083216666666
182_Clostridioides_difficile_DSM12057_DDA100_5296	2520381.0	1.0717515915326603	37291	995	5369	11.49750285
183_Prevotella_melaninogenica_DSM7089_DDA100_5302	4045163.0	1.037021708816832	37499	951	5422	11.4976076
185_Prevotella_melaninogenica_DSM26980_DDA100_5282	597050.0	1.1368888865839593	37088	1053	5295	11.498143050000001
191_Salmonella_bongori_DSM13772_DDA100_5300	3487812.5	1.0490381067940766	38385	980	5386	11.496891033333332
193_Salmonella_enterica_sv_enteritidis_DSM107295_DDA100_5290	1129404.0	1.0798646335060555	38802	1011	5348	11.497035616666667
195_Salmonella_enterica_sv_paratyphi_167_DDA100_5298	2885951.0	1.0617721734508696	39264	996	5368	11.497549683333334
199_Salmonella_enterica_sv_typhimurium_DSM17058_DDA100_5286	1492653.0	1.084493450112744	38219	1005	5354	11.4979424
203_Serratia_ureilytica_RS2.1_DDA100_5276	617587.0	1.09967875312327	39458	1032	5320	11.496689400000001
205_Serratia_bockelmannii_Wasserisolat04_DDA100_5294	2817592.0	1.0589423668375029	39278	991	5373	11.49748365
206_Listeria_monocytogenes_DSM15675_DDA100_5316	2123684.0	1.077599357314547	37518	998	5364	11.497648416666667
208_Listeria_monocytogenes_DSM19094_DDA100_5314	3012799.5	1.0563031971568533	38037	976	5392	11.497234433333334
209_Staphylococcus_haemolyticus_DSM20228_DDA100_5434	2071981.5	1.0665342994054592	32456	978	5388	11.496767949999999
213_Staphylococcus_saprophyticus_ssp_bovis_DSM18669_DDA100_5274	579171.0	1.1782868144473455	28819	1052	5309	11.497012649999999
215_Staphylococcus_saprophyticus_DSM30626_DDA100_5280	2119522.0	1.0886006896743463	32104	987	5376	11.497020749999999
245_Stenotrophomonas_geniculata_Sm_51_DDA100_5406	3897563.0	1.01660880775227	36208	936	5441	11.496864666666665
248_Streptococcus_pyogenes_DSM20565_DDA100_5344	5437588.5	1.0225381060246233	36579	944	5431	11.497953866666668
258_Yersinia_enterocolitica_DSM4780_DDA100_5336	1866577.0	1.0757876338689438	37959	998	5362	11.49812165
260_Yersinia_enterocolitica_DSM9676_DDA100_5414	3165020.5	1.056755963409609	37446	984	5381	11.496643033333333
262_Yersinia_pseudotuberculosis_DSM8992_DDA100_5332	895106.0	1.0823550669368742	37559	1011	5345	11.497250383333332
023_Citrobacter_amalonaticus_04-08695_DDA100_6488	1020676.0	1.0955649992339724	40234	1067	5305	11.497912433333333
027_Bacillus_subtilis_ssp_spizizenii_ATCC6633_DDA100_6512	999070.0	1.0775154519240076	40865	1049	5316	11.497661583333333
043_Burkholderia_cenocepacia_ATCC25608_DDA100_6494	2063448.0	1.0523682139770454	39241	994	5386	11.498008566666666
088_Escherichia_coli_DSM682_DDA100_6510	1030642.5	1.072681050366079	40885	1038	5331	11.4970668
102_Enterococcus_hirae_P25_2_DDA100_6504	1107225.0	1.0628006584255236	39617	1027	5347	11.497628433333334
110_Enterococcus_faecium_UW6203_DDA100_6506	1016296.0	1.0684848517074454	39367	1037	5333	11.497513300000001
122_Enterococcus_durans_P25_3_DDA100_6486	1027393.0	1.0828386900146414	38667	1049	5322	11.497102850000001
125_Klebsiella_aerogenes_E56_DDA100_6496	988459.0	1.1012691704636914	38917	1064	5345	11.497511966666668
137_Proteus_mirabilis_718-91_DDA100_6490	1016633.5	1.0950391275626312	39150	1066	5302	11.497528483333333
140_Pseudomonas_aeruginosa_ATCC33355_DDA100_6508	1018156.0	1.067905742803127	35236	1054	5312	11.497192183333334
143_Ralstonia_condita_HST_2644_DDA100_6498	1016467.0	1.0820984306498311	39156	1050	5316	11.498026166666667
167_Yersinia_enterocolitica_DSM11503_DDA100_6492	1263507.0	1.0593616777021768	39850	1022	5352	11.496802533333332
198_Acinetobacter_baumannii_DSM30007_DDA100_6502	2559305.0	1.0251561390186688	41672	991	5387	11.4980974
277_Acinetobacter_baumannii_DSM24110_DDA100_6500	4564396.0	0.9986120927545519	40914	954	5433	11.498422966666668
