sample_id	Identified_proteins	Identified_peptides	Median_precursor_mass_error_ppm	Median_precursor_mass_error_ppm_signed	Pct_charge_2plus	Pct_charge_3plus	Pct_zero_missed_cleavages	Identified_precursors	Median_RT_FWHM	Median_IM_FWHM
001_Achromobacter_xylosoxidans_HST_62_DDA100_5422	1651	8453	1.450803545215994	0.0	68.81481481481482	27.51111111111111	88.92592592592592	10081	5.8630004	0.018000001
002_Achromobacter_xylosoxidans_ssp_xylosoxidans_DSM2402_DDA100_4310	2010	8854	1.5253129269193864	0.0	70.30968021367214	25.972713491662457	88.8977116869992	10568	5.8630004	0.018000001
003_Acinetobacter_baumannii_DSM30011_DDA100_5340	1436	9367	1.3823661641605782	0.10433295266068765	73.324862912933	23.030627256921225	89.07984485756319	11113	5.8630004	0.020000001
004_Aeromonas_hydrophila_ssp_hydrophila_DSM30183_DDA100_5418	1775	11284	1.3074375460570145	0.0	66.05759790553071	29.497109196029236	89.48401876295408	13685	5.8630004	0.018000001
005_Acinetobacter_lwoffii_DSM2403_DDA100_4346	1398	8893	1.46872401174457	0.06792474617371415	66.67311287307419	28.86611229291562	88.58376845226584	11062	5.8630004	0.020000001
007_Acinetobacter_pittii_DSM9312_DDA100_4316	1557	9937	1.376363530965103	0.0	64.9937114451698	30.35874708031383	89.74666107684016	12238	5.8630004	0.018000001
008_Acinetobacter_pittii_DSM9318_DDA100_4382	1563	9284	1.5522481554980112	0.0	70.53807893546929	25.327821200180868	88.04340804857567	11367	5.8630004	0.020000001
011_Aeromonas_hydrophila_ssp_hydrophila_DSM30187_DDA100_4332	1794	10961	1.4792910349785762	0.0	71.75752691267054	23.80404121812216	89.0046629439871	13159	5.8630004	0.020000001
012_Aeromonas_hydrophila_ssp_ranae_DSM17695_DDA100_4312	1643	9415	1.5110740682096675	0.06353713653501623	71.3382924099796	24.37627542623922	89.8492528470805	11355	5.8630004	0.018000001
013_Aeromonas_veronii_DSM7386_DDA100_4342	1646	8864	1.6003725110554428	0.06293946696061915	71.9781360271224	23.82204386632533	87.12378052999378	10775	5.8630004	0.020000001
014_Bacillus_atrophaeus_LSSC3_DDA100_5386	1119	4624	1.5338991515699438	0.10741372380574024	72.09129248325478	24.770528404862315	88.05507318283304	5597	5.8630004	0.020000001
016_Bacillus_cereus_ATCC10987_DDA100_5362	1490	8004	1.4917176213331511	0.0	70.61347061347061	25.66137566137566	87.35163735163735	9794	5.8630004	0.020000001
018_Bacillus_atrophaeus_GBSC56_DDA100_5358	1202	4689	1.5571949742124491	0.17871299320737144	72.75410677618069	24.204312114989733	88.10318275154005	5639	5.8630004	0.020000001
019_Bacillus_atrophaeus_NMTD54_DDA100_5348	1261	4716	1.6100904497291764	0.09245139876192786	73.20195807706791	23.38395883017447	87.34780971507469	5673	5.8630004	0.020000001
020_Bacillus_atrophaeus_TS1_DDA100_5378	990	3972	1.424674414881944	0.16602400159183814	71.95103521233187	25.132235151881517	88.81668429802025	4762	5.8630004	0.020000001
021_Alcaligenes_faecalis_ssp_faecalis_DSM30030_DDA100_4308	1606	9419	1.5603125869579368	0.0	68.77106559502204	27.100077780658545	89.00700025926886	11502	5.8630004	0.018000001
022_Alcaligenes_faecalis_ssp_parafaecalis_DSM13975_DDA100_4352	1395	7645	1.5368763687830849	0.08531620309284996	68.1938600592177	27.87127941405641	89.36418887330528	9387	5.8630004	0.018000001
023_Citrobacter_amalonaticus_04-08695_DDA100_6488	1480	7090	1.4629264591550348	0.0	75.57871359015974	21.457247800461264	85.81190740582556	8414	5.8630004	0.020000001
024_Bacillus_cereus_DSM31_DDA100_5324	1657	10533	1.4674934937374813	0.07033824823492257	68.20316766794102	27.646095030038232	87.06171490988531	12993	5.8630004	0.020000001
026_Bacillus_halotolerans_LNXM37_DDA100_5346	1699	10528	1.6030863110918467	0.0	71.330869781038	24.692515581049033	86.7519717610722	12910	5.8630004	0.020000001
027_Bacillus_subtilis_ssp_spizizenii_ATCC6633_DDA100_6512	1587	10883	1.4432240068140254	0.0	75.45843024828258	21.555687780602586	84.31330123870828	13118	5.8630004	0.020000001
028_Bacillus_safensis_GBSW22_DDA100_5388	1407	8630	1.432579349877006	0.08236718682368818	73.52880160431505	22.730101652721114	88.41712191411382	10298	5.8630004	0.020000001
030_Bacillus_sp._LLTC93_DDA100_5342	1635	11277	1.4302661136304362	0.0	67.37351381954811	27.999382366565445	86.13412939420454	13968	5.8630004	0.020000001
032_Bacillus_sp._RJGP41_DDA100_5390	1376	9147	1.413981899543284	0.08119251012084938	73.99165507649514	22.173653884363205	89.3237962778992	10791	5.8630004	0.020000001
034_Bacillus_subtilis_ssp_subtilis_SYST2_DDA100_5364	1646	10265	1.5288241759419214	0.0	69.81597845601436	26.29039497307002	87.13532315978456	12618	5.8630004	0.020000001
036_Bacillus_subtilis_ssp_subtilis_NMSX4_DDA100_5370	1685	10401	1.5302697011753759	0.0	70.34637975517374	25.800076851292747	87.14936597683483	12784	5.8630004	0.020000001
038_Bacillus_subtilis_DSM10_DDA100_5352	1665	10905	1.5344304228662726	0.0	71.08816093808832	25.254155236404713	87.10666451508796	13274	5.8630004	0.020000001
040_Bacillus_thuringiensis_GBAC46_DDA100_5384	1353	7364	1.4801845632576267	0.1382455192867557	70.26022304832715	26.14622057001239	88.22026022304833	9014	5.8630004	0.020000001
042_Bacillus_thuringiensis_NMTD81_DDA100_5376	1520	7852	1.4935788052471923	0.06907589331247191	70.2631972483924	25.684163301929114	87.29624644833258	9550	5.8630004	0.020000001
043_Burkholderia_cenocepacia_ATCC25608_DDA100_6494	1643	7480	1.3776523807966279	0.0	75.05296161342258	22.311668502669267	87.61969324633505	8864	5.8630004	0.020000001
044_Bacillus_velezensis_GBSW11_DDA100_5380	1281	7922	1.456552584006215	0.09354727282804867	71.40812175092293	25.299480147668195	88.64612370978678	9557	5.8630004	0.020000001
045_Burkholderia_cepacia_DSM50181_DDA100_5284	1621	6553	1.4560639078798374	0.0	73.10365369340747	24.533359809372516	89.99205718824463	7703	5.8630004	0.018000001
046_Bacillus_velezensis_DSM23117_DDA100_5338	1242	7863	1.3997201959328331	0.08236930359636735	71.02037747199037	25.152267087750957	87.45018422437776	9572	5.8630004	0.020000001
048_Bacillus_wiedmannii_GBSC29_DDA100_5368	1618	9678	1.4836754228019737	0.06909719743840106	69.46263198253997	26.443697280717277	87.4004600955583	11925	5.8630004	0.020000001
050_Bacillus_wiedmannii_GBSC45_DDA100_5372	1407	8740	1.4918127314577592	0.0	72.22516907571939	23.683861556822702	88.49622066038987	10590	5.8630004	0.020000001
051_Campylobacter_coli_DSM4689_DDA100_5278	1167	8812	1.4705454271220413	0.06326194021236649	74.2183324425441	23.423303046499196	86.69160876536611	10665	5.8630004	0.020000001
052_Bacillus_wiedmannii_LLCG23_DDA100_5374	1559	9377	1.4460648351732082	0.09402571662884857	69.28372991907236	26.645730160647425	87.06969440753714	11578	5.8630004	0.020000001
053_Campylobacter_coli_DSM24132_DDA100_5288	1079	7474	1.3281699029534049	0.09925634171099869	83.36953688417759	14.753671040055607	90.83326092623165	8360	5.8630004	0.020000001
054_Bacillus_wiedmannii_NMSL88_DDA100_5366	1579	9415	1.498826143711757	0.0	69.80682234992052	26.21958674654603	87.302848759017	11544	5.8630004	0.020000001
056_Campylobacter_jejuni_DSM24114_DDA100_5292	905	4971	1.3401709849705778	0.25159922759037134	81.82758175003231	16.375856275042004	90.30632027917798	5550	5.8630004	0.020000001
057_Bacillus_wiedmannii_NMSW23_DDA100_5382	1593	9586	1.4190260545522975	0.0	69.85334057577404	26.17538777234595	87.58524956243588	11780	5.8630004	0.020000001
058_Burkholderia_cepacia_DSM7288_DDA100_5356	1742	7438	1.4935134256174138	0.0	70.61701774755349	25.733952562614032	88.8206999502405	8954	5.8630004	0.020000001
060_Citrobacter_freundii_DSM30039_DDA100_5350	1538	6310	1.602118931490035	0.05370829168479098	73.15254869070917	23.716335849408257	87.8855651849781	7627	5.8630004	0.020000001
062_Enterobacter_quasiroggenkampii_E34_DDA100_5328	1562	8527	1.456907701594226	0.0	69.82468443197756	26.262272089761574	87.76998597475456	10380	5.8630004	0.020000001
064_Bacteroides_fragilis_DSM2151_DDA100_4328	1377	9665	1.4278617089220078	0.0	72.96303464292626	23.850074188762015	89.9554867427908	11424	5.8630004	0.020000001
066_Bordetella_pertussis_DSM5571_DDA100_4442	1240	7001	1.4286608219200003	0.18197261039254678	72.75182284634081	23.476460527500226	88.74786209379782	8197	5.8630004	0.020000001
067_Clostridioides_difficile_DSM12056_DDA100_5304	1242	8423	1.5978960519366483	0.0	74.37841530054645	22.02185792349727	83.95491803278688	10040	5.8630004	0.020000001
068_Bordetella_pertussis_DSM4924_DDA100_5254	1487	9265	1.453219179199202	0.0	73.80841277248183	22.905139657356177	89.31404573028465	11014	5.8630004	0.020000001
070_Brevundimonas_diminuta_DSM7234_DDA100_4450	1429	7238	1.5731427220929968	0.09694624185469797	68.89380168672726	27.34790796692049	87.26766560222714	8758	5.8630004	0.020000001
072_Brevundimonas_diminuta_DSM1635_DDA100_4440	1478	7651	1.5503253859398254	0.0	68.42950004012519	27.86293234892866	88.39579488002568	9203	5.8630004	0.020000001
074_Brevundimonas_intermedia_DSM4732_DDA100_5252	1279	5317	1.610073943677962	0.08301549467605031	73.51363188437534	23.168728785722106	87.90101828533888	6378	5.8630004	0.020000001
075_Clostridium_perfringens_DSM756_DDA100_5266	1261	8643	1.5588612207010533	0.05002571571916544	73.34675643365004	24.12382810042157	84.89272006543762	10492	5.8630004	0.020000001
076_Brevundimonas_vesicularis_DSM7226_DDA100_4446	1803	11317	1.5749696803730946	0.06634711831513215	70.2269129287599	25.926121372031663	87.85224274406332	13649	5.8630004	0.020000001
077_Clostridium_perfringens_DSM798_DDA100_5306	1107	7151	1.475143083482233	0.07836263468969651	76.61016949152543	21.119432400473	86.84272763106031	8440	5.8630004	0.020000001
078_Brevundimonas_vesicularis_DSM108136_DDA100_4454	1514	8421	1.5847045165240838	0.09106830313978921	71.11816578483246	25.09347442680776	86.87830687830687	10214	5.8630004	0.020000001
079_Clostridium_tetani_DSM11744_DDA100_5312	1047	6900	1.5820672503096014	0.09041060022663486	76.91238966982674	20.27623406341942	85.27296502124877	8112	5.8630004	0.020000001
080_Clostridium_tetani_DSM11745_DDA100_5262	1028	6801	1.5688089207940763	0.09661212670583806	78.75133316925096	18.656165395028303	86.1268356715071	7910	5.8630004	0.020000001
082_Cutibacterium_acnes_ssp_acnes_DSM1897_DDA100_5258	1303	8427	1.4743842311168114	0.0	68.25025960539979	27.641484942886812	88.66822429906543	10519	5.8630004	0.020000001
083_Cutibacterium_acnes_ssp_acnes_DSM16379_DDA100_5260	1330	9437	1.428709813077968	0.0	66.92867198498358	28.806898169873296	89.01923979352416	11868	5.8630004	0.020000001
084_Cutibacterium_acnes_ssp_acnes_DSM108415_DDA100_5264	1284	7797	1.502970734379306	0.0708389886459269	67.59664098827122	28.183774030120063	88.65986536192658	9804	5.8630004	0.020000001
085_Cutibacterium_granulosum_DSM20700_DDA100_5308	1260	8097	1.5004538873009083	0.06024731522901511	67.2449182281666	27.85539296828445	89.29351784413693	10181	5.8630004	0.020000001
086_Cutibacterium_granulosum_DSM20458_DDA100_5310	1259	8486	1.4871870307842903	0.059386548827917385	66.80404404662245	28.77197501448902	89.24592697533646	10534	5.8630004	0.020000001
088_Escherichia_coli_DSM682_DDA100_6510	1737	10300	1.4470751639264834	0.053275454879152626	73.58044618666052	22.839684095232606	83.97417420879691	12477	5.8630004	0.020000001
092_Helicobacter_pylori_DSM7492_DDA100_5272	873	5423	1.452346958512086	0.17674539613592144	76.96765356653673	20.366663154567487	86.87177325887683	6382	5.8630004	0.020000001
093_Helicobacter_pylori_DSM10242_DDA100_5270	889	5644	1.3704516195403378	0.15739716711856705	77.11608537220198	20.239458615304528	89.06819364914107	6648	5.8630004	0.020000001
098_Klebsiella_quasipneumoniae_ssp_similipneumoniae_DSM28212_DDA100_4372	1831	10268	1.5557965450524418	0.07326281891258045	71.96943180492357	23.748687434371718	87.7727219694318	12432	5.8630004	0.020000001
100_Stenotrophomonas_maltophilia_DSM50170_DDA100_4322	1532	8091	1.4624518042649417	0.10554285757709062	67.70681591658361	28.490377980525956	89.84129418078662	9740	5.8630004	0.018000001
102_Enterococcus_hirae_P25_2_DDA100_6504	1196	8842	1.4715646066159112	0.07709291751198877	75.49912652857499	20.78861991514849	84.50212128774645	10676	5.8630004	0.020000001
107_Klebsiella_quasipneumoniae_ssp_quasipneumoniae_DSM28211_DDA100_4384	2091	11355	1.6107918766954346	0.0	70.39975273026994	25.195755202967234	86.17350092726149	13917	5.8630004	0.020000001
109_Escherichia_coli_DSM3871_DDA100_5326	1532	9361	1.4484733584599567	0.0	68.9236863279074	27.016153988983106	87.85665655752925	11501	5.8630004	0.020000001
110_Enterococcus_faecium_UW6203_DDA100_6506	1085	6583	1.3610113017714591	0.10225333632185751	77.86636623624231	19.2824334864373	84.23606898344744	7766	5.8630004	0.020000001
111_Enterococcus_faecium_DSM20477_DDA100_4282	1068	6566	1.4494139096361787	0.057115926117052324	73.97013388259526	22.04771713010642	87.46996223824236	7929	5.8630004	0.020000001
112_Enterococcus_faecalis_DSM20371_DDA100_5394	1063	6622	1.3428734044146067	0.08794861268099385	73.83789684344583	22.0231056126626	89.73892477030839	7721	5.8630004	0.020000001
114_Enterococcus_faecium_UW6713_DDA100_5420	975	6371	1.345969923190178	0.09751616574237595	72.51209854817422	23.83633963924329	88.59656841179059	7664	5.8630004	0.020000001
115_Klebsiella_oxytoca_CCUG_15788_DDA100_5400	1531	8705	1.3103116430652848	0.0	68.76625659050967	27.3884007029877	89.16695957820738	10404	5.8630004	0.020000001
116_Citrobacter_amalonaticus_DSM4593_DDA100_4336	1576	7024	1.5517922058954412	0.0	68.6613360846015	27.50408391367896	87.79124752815751	8562	5.8630004	0.018000001
117_Citrobacter_amalonaticus_DSM17342_DDA100_4356	1478	6644	1.5594029449286582	0.0	67.79029539607913	27.960613856116385	87.15514947219019	8158	5.8630004	0.018000001
118_Pseudomonas_aeruginosa_DSM50071_DDA100_5354	2052	11867	1.45058982795642	0.0	72.73330018233052	23.702967014752197	89.92762031051438	13908	5.8630004	0.020000001
119_Pseudomonas_aeruginosa_DSM1117_DDA100_5396	1719	10505	1.3212260275689114	0.0	68.4028619936939	28.177298083919478	90.38321610477807	12493	5.8630004	0.018000001
120_Citrobacter_freundii_DSM14984_DDA100_4400	1362	5778	1.6081763313390849	0.08434296785866617	70.3609037930682	26.060729986708925	87.32235967692465	6999	5.8630004	0.020000001
121_Pseudomonas_aeruginosa_DSM29238_DDA100_5412	1861	11084	1.3362172318772858	0.0	67.76147216398789	28.6512928022362	89.96622408572094	13138	5.8630004	0.018000001
122_Enterococcus_durans_P25_3_DDA100_6486	675	3010	1.3368751017417897	0.2382832649424228	82.25302616165561	15.638422491214369	87.77821163607966	3385	5.8630004	0.020000001
123_Citrobacter_freundii_DSM24120_DDA100_4404	1291	5492	1.6085063831460529	0.07435768146855397	70.91201716738198	25.439914163090126	86.7274678111588	6617	5.8630004	0.020000001
125_Klebsiella_aerogenes_E56_DDA100_6496	1615	9263	1.2236645147969962	0.0969449354705426	76.96204288390813	20.33863021303171	88.39081257372841	10716	5.8630004	0.020000001
126_Citrobacter_koseri_DSM4570_DDA100_4426	1707	10022	1.5040223318282488	0.08427375091536694	71.29685428468122	24.56912136916958	88.0197661805472	12097	5.8630004	0.020000001
127_Ralstonia_pickettii_DSM6297_DDA100_5334	1620	10156	1.4386638959808176	0.0	66.64715523296651	29.261297120112385	86.9468508546008	12533	5.8630004	0.018000001
128_Klebsiella_oxytoca_Oman_61_DDA100_5440	1601	7744	1.425532791520013	0.06258659300634324	69.56083178150217	26.76908752327747	87.88795779019243	9306	5.8630004	0.020000001
129_Citrobacter_koseri_DSM4596_DDA100_4394	1681	10318	1.4987648043678552	0.0870817249565022	71.38157894736842	24.347979323308273	88.16376879699249	12441	5.8630004	0.020000001
130_Escherichia_coli_DSM30083_DDA100_4275	1486	8941	1.4261962458711617	0.0	72.9678510998308	23.21489001692047	88.60236886632826	10736	5.8630004	0.020000001
131_Klebsiella_pneumoniae_ssp_ozaenae_ATCC25926_DDA100_5436	1659	9821	1.4050500599956373	0.06869697366474035	72.51530706908281	22.988434658915207	88.63875316964563	11695	5.8630004	0.020000001
132_Corynebacterium_diphtheriae_DSM43988_DDA100_4398	1108	7064	1.4374962265724052	0.23083173289998524	68.99942637056462	26.100139310005737	89.95329017454723	8553	5.8630004	0.020000001
133_Haemophilus_influenzae_DSM4690_DDA100_4378	987	6467	1.4171866498530195	0.15311771913468636	73.30357142857142	23.169642857142858	88.15178571428571	7743	5.8630004	0.020000001
134_Proteus_columbae_MN12_DDA100_5438	1224	5907	1.4467180138190954	0.10027239451211437	69.0565664556962	27.284414556962027	87.76700949367088	7193	5.8630004	0.020000001
135_Haemophilus_influenzae_DSM10000_DDA100_4456	910	5506	1.6054894638674693	0.16479704420021524	73.42594443333999	23.68578852688387	87.657405556666	6685	5.8630004	0.020000001
136_Corynebacterium_diphtheriae_DSM43989_DDA100_5256	1264	8638	1.5521174728882192	0.07406408913761256	69.78004663767567	26.173819877733663	89.2922417596269	10795	5.8630004	0.020000001
137_Proteus_mirabilis_718-91_DDA100_6490	1251	5745	1.503903656768082	0.10362955183362188	77.23980964204428	19.822056693565074	86.48872336023175	6778	5.8630004	0.020000001
138_Corynebacterium_diphtheriae_ssp_diphtheriae_DSM44123_DDA100_4330	1106	6909	1.4271147999882732	0.0994060011923946	69.84810126582278	25.459915611814342	90.32911392405063	8360	5.8630004	0.020000001
139_Haemophilus_influenzae_DSM10001_DDA100_4448	892	5122	1.3941808297914178	0.3287421038497258	72.79230941202772	24.010731052984575	88.18466353677621	6050	5.8630004	0.020000001
140_Pseudomonas_aeruginosa_ATCC33355_DDA100_6508	1571	9415	1.0452052580618312	0.12731725358859597	79.27259632697155	18.44436442203817	90.89665106229744	10671	5.8630004	0.020000001
141_Corynebacterium_pseudotuberculosis_DSM20689_DDA100_4344	1345	9953	1.482962833194561	0.04899461578569285	67.53321447058147	27.497555645022143	88.98602404095014	12361	5.8630004	0.020000001
142_Klebsiella_aerogenes_DSM30053_DDA100_4350	1787	10852	1.4610756344280469	0.0684137438832982	70.86456485666876	24.054471591234194	88.12725296103451	13029	5.8630004	0.020000001
143_Ralstonia_condita_HST_2644_DDA100_6498	1394	7069	1.3973397117781352	0.0	73.3852140077821	23.813229571984433	86.92607003891051	8519	5.8630004	0.020000001
144_Corynebacterium_pseudotuberculosis_DSM7177_DDA100_4444	1219	7945	1.457866681007755	0.16582045723664518	70.31799476243921	25.469509913954358	89.76430976430977	9646	5.8630004	0.020000001
145_Ralstonia_insidiosa_Rp_127_DDA100_5402	1437	6998	1.4200168815130505	0.0	70.16609496298972	27.107781187940063	89.43852680989349	8358	5.8630004	0.018000001
146_Staphylococcus_aureus_DSM4910_DDA100_5428	1269	9536	1.3318729548182686	0.06378372724037153	68.18809681100234	27.21758452945769	87.06384000960902	11723	5.8630004	0.020000001
147_Corynebacterium_pseudotuberculosis_DSM7178_DDA100_4438	1207	8170	1.4685301015780077	0.09453526418950772	71.64018892228424	24.459710891655934	89.46615142407327	9958	5.8630004	0.020000001
148_Salmonella_enterica_sv_enteritidis_LT21-Ib_08-01796_DDA100_5410	1446	8819	1.3867032509799901	0.05073353332830395	72.62177749982628	23.424362448752692	88.85414495170593	10437	5.8630004	0.020000001
149_Staphylococcus_aureus_DSM25693_DDA100_5432	1297	9378	1.3087022483177448	0.0	67.82635658914728	27.634108527131783	86.46201550387596	11499	5.8630004	0.020000001
150_Corynebacterium_ulcerans_DSM46325_DDA100_4338	1350	9764	1.3788115761412914	0.0	64.37773312847182	30.705590355749912	89.36886892802269	12139	5.8630004	0.018000001
151_Salmonella_enterica_sv_typhimurium_DT104_08-01627_DDA100_5398	1647	10888	1.3444495512922803	0.0	65.60344351856962	29.744495336901938	86.60669940952485	13248	5.8630004	0.020000001
152_Staphylococcus_epidermidis_DSM1798_DDA100_5318	936	5777	1.223842108972657	0.10532059476525368	70.74718526100308	24.58546571136131	87.68679631525077	6878	5.8630004	0.020000001
153_Enterobacter_cloacae_ssp_cloacae_DSM30054_DDA100_4271	1686	10021	1.448479007577164	0.0	72.71420536216486	23.148553215424037	89.43816011499281	11873	5.8630004	0.020000001
154_Shigella_boydii_06-06820_DDA100_5404	1309	8399	1.3505909068973794	0.08506716520562392	74.19821906899298	22.56569897922247	89.57503800767394	9911	5.8630004	0.020000001
156_Klebsiella_aerogenes_E19_DDA100_5416	1859	11110	1.4263183158472192	0.0	67.98791996979993	27.530604540797064	87.93614841179959	13549	5.8630004	0.020000001
157_Shigella_flexneri_3A_07-02503_DDA100_5408	1532	9680	1.4743119570385497	0.0	69.28533110806461	26.458842462895632	87.54842939738928	11818	5.8630004	0.020000001
158_Staphylococcus_hominis_ssp_hominis_DSM20328_DDA100_5322	1075	7777	1.3467366552525988	0.06666627826233705	66.05305116683577	29.685461661110306	84.99782577185098	9615	5.8630004	0.020000001
159_Enterobacter_hormaechei_ssp_hoffmannii_DSM14563_DDA100_4292	1817	10010	1.6131262231613601	0.0	72.75492891827064	22.588193997542856	84.71889077400105	12118	5.8630004	0.020000001
160_Staphylococcus_aureus_DSM20231_DDA100_5320	1222	9134	1.3589144447849282	0.06703617902360197	68.60472285590974	27.64658733584068	86.990566619397	11307	5.8630004	0.020000001
161_Staphylococcus_lugdunensis_DSM4804_DDA100_5330	1074	6325	1.2307561558536317	0.23646977116268478	68.32167161890156	26.598293875203684	87.81750215661842	7513	5.8630004	0.020000001
162_Enterobacter_hormaechei_ssp_hormaechei_DSM12409_DDA100_4290	1644	9693	1.4229489912060045	0.05543744914999976	74.74747474747475	21.44020853698273	88.10035842293907	11357	5.8630004	0.020000001
163_Klebsiella_pneumoniae_ssp_pneumonia_DSM30104_DDA100_4380	1574	8799	1.3571177462499002	0.16492856696371955	74.23179813462511	22.232665750849538	88.7137589472923	10299	5.8630004	0.020000001
164_Staphylococcus_lugdunensis_09-00515_DDA100_5424	1248	8807	1.3410706050969132	0.0	68.00727566693614	26.926704392347077	86.33791430881163	10677	5.8630004	0.020000001
165_Enterobacter_hormaechei_ssp_steigerwaltii_DSM16691_DDA100_4286	1600	9219	1.5219917663627642	0.054888143178575675	75.71343441700324	19.89670926306032	86.75097662716017	10899	5.8630004	0.020000001
167_Yersinia_enterocolitica_DSM11503_DDA100_6492	1715	10589	1.373841642965445	0.0	74.13272571916832	22.700085445741955	85.19510111079465	12810	5.8630004	0.020000001
168_Klebsiella_oxytoca_DSM5175_DDA100_5360	1769	7941	1.5130154751197027	0.052844435227623054	71.55172413793103	24.947065940713852	88.0520266182698	9566	5.8630004	0.020000001
169_Staphylococcus_epidermidis_DSM20044_DDA100_5392	1083	8277	1.3181258490908254	0.0	66.65756417258328	28.48170398689241	85.97078099399236	10304	5.8630004	0.020000001
173_Leclercia_adecarboxylata_DSM5077_DDA100_4348	1376	7268	1.3344266850832134	0.20658576792655792	71.72365908696406	23.91945842735636	89.42023954174623	8498	5.8630004	0.020000001
174_Legionella_pneumophila_ssp_fraseri_DSM7514_DDA100_4396	1395	7593	1.5066735085219538	0.08699141763051169	67.85430883986669	28.114584986510078	88.55737184573877	9326	5.8630004	0.018000001
178_Clostridium_perfringens_DSM628_DDA100_5250	1139	7858	1.4321526082907783	0.09290979768843963	78.25221238938053	19.66076696165192	86.51917404129793	9136	5.8630004	0.020000001
180_Legionella_pneumophila_ssp_pascullei_DSM7515_DDA100_4424	1452	8780	1.3965757359530167	0.1623878022077596	70.155790078254	25.586905018307128	90.56644410941202	10441	5.8630004	0.020000001
181_Prevotella_intermedia_DSM20706_DDA100_5268	818	3745	1.165587543055104	0.1967616056717713	84.49009809365168	14.19581713862669	91.65278548954284	4091	5.8630004	0.020000001
182_Clostridioides_difficile_DSM12057_DDA100_5296	1375	8603	1.6180550081073497	0.0	73.26192666579051	23.64962544355369	85.10973846760416	10340	5.8630004	0.020000001
183_Prevotella_melaninogenica_DSM7089_DDA100_5302	1095	7114	1.3992554914033948	0.07626597856751924	76.3899049012436	21.680687637161668	89.88661302121433	8196	5.8630004	0.018000001
184_Legionella_pneumophila_ssp_pneumophila_DSM7513_DDA100_4402	1657	11637	1.5142485985995502	0.05531491790588998	66.75103305785125	28.383264462809915	88.55888429752066	14368	5.8630004	0.018000001
185_Prevotella_melaninogenica_DSM26980_DDA100_5282	1064	7261	1.3545577044968509	0.09464384904419652	77.09075119409466	20.807642205818496	90.51671732522797	8407	5.8630004	0.020000001
191_Salmonella_bongori_DSM13772_DDA100_5300	1636	9999	1.4292571073765643	0.0	68.1920740526468	27.613537749493783	88.25571304599363	12283	5.8630004	0.020000001
193_Salmonella_enterica_sv_enteritidis_DSM107295_DDA100_5290	1650	9955	1.5018587003275254	0.0	69.00283581225766	26.847618496440766	88.18218646912437	12249	5.8630004	0.020000001
195_Salmonella_enterica_sv_paratyphi_167_DDA100_5298	1452	8913	1.4397558044861158	0.07365388872225939	73.43523520885492	22.94768744235077	89.3661879035446	10740	5.8630004	0.020000001
198_Acinetobacter_baumannii_DSM30007_DDA100_6502	1681	12019	1.3537376951589153	0.0	75.85140914008966	20.78417229120511	86.5680869699624	14282	5.8630004	0.020000001
199_Salmonella_enterica_sv_typhimurium_DSM17058_DDA100_5286	1543	9488	1.4051465512826158	0.0	74.0387080235837	22.79543706741861	89.93206870033325	11296	5.8630004	0.020000001
200_Leuconostoc_pseudomesenteroides_DSM20193_DDA100_4458	890	5664	1.3896402387693298	0.1883663493657248	69.40562881322575	26.81558748277898	88.79157646132651	6851	5.8630004	0.020000001
203_Serratia_ureilytica_RS2.1_DDA100_5276	1680	9231	1.482857310627177	0.0	70.01993355481727	26.205980066445182	89.80730897009967	11230	5.8630004	0.020000001
205_Serratia_bockelmannii_Wasserisolat04_DDA100_5294	1739	9540	1.4615324107366268	0.0	70.0839063781465	26.421045990789228	89.64103211153869	11590	5.8630004	0.020000001
206_Listeria_monocytogenes_DSM15675_DDA100_5316	1402	8724	1.498768425807345	0.06494109517961734	70.65406135442794	25.815164962377	88.58447488584474	10766	5.8630004	0.020000001
208_Listeria_monocytogenes_DSM19094_DDA100_5314	1367	8596	1.502613894866679	0.08270270795544228	69.84335059317036	26.1519302615193	86.43901160123222	10651	5.8630004	0.020000001
209_Staphylococcus_haemolyticus_DSM20228_DDA100_5434	1080	7603	1.2598804373464956	0.0	65.539671734362	30.08849557522124	85.17510021934801	9335	5.8630004	0.018000001
210_Micrococcus_luteus_DSM20030_DDA100_4273	1350	9717	1.416552516143074	0.0	64.53774535966316	29.959082013876536	86.97740615548835	12199	5.8630004	0.020000001
212_Micrococcus_luteus_DSM14234_DDA100_4436	1164	7768	1.4877042274411219	0.050864507114644825	64.25206124852768	30.690518256772677	88.64104829210837	9717	5.8630004	0.020000001
213_Staphylococcus_saprophyticus_ssp_bovis_DSM18669_DDA100_5274	816	4307	1.1149131507741092	0.07951368792356445	73.5342384007161	21.67686110696703	89.18394748620021	4959	5.8630004	0.020000001
214_Moraxella_catarrhalis_DSM9143_DDA100_4366	1046	8272	1.4880639907197717	0.11242703204552666	69.03553299492386	26.257498846331334	88.96433515722856	10386	5.8630004	0.020000001
215_Staphylococcus_saprophyticus_DSM30626_DDA100_5280	866	4963	1.1323188627337748	0.12370080140801201	71.58277896322329	23.634994351700765	87.54863813229572	5785	5.8630004	0.020000001
216_Moraxella_catarrhalis_DSM11994_DDA100_4362	966	6787	1.4091352723207882	0.19951368791893967	71.62232655190401	23.961050252130065	88.48026430186054	8197	5.8630004	0.020000001
218_Morganella_morganii_ssp_morganii_DSM30164_DDA100_4360	1530	10012	1.4850291188166085	0.0	66.78418679921396	28.71922321118946	87.63726736793434	12485	5.8630004	0.020000001
220_Morganella_morganii_ssp_morganii_DSM30117_DDA100_4358	1426	9298	1.5284822902517394	0.09328160572649008	72.57168690260914	23.42417979850168	87.58072849392921	11212	5.8630004	0.020000001
222_Morganella_morganii_ssp_sibonii_DSM14850_DDA100_4376	1365	7571	1.5468792484601939	0.12508518300962956	72.08648817422527	24.190149090625244	88.26789477792522	9241	5.8630004	0.020000001
224_Morganella_morganii_ssp_sibonii_DSM6675_DDA100_4354	1322	8612	1.459982606740545	0.05162825180543997	69.98277643816742	25.91112642094385	88.79779538408543	10541	5.8630004	0.020000001
225_Neisseria_gonorrhoeae_DSM9188_DDA100_4370	899	5146	1.3350748184629937	0.37249474006385797	74.1035383519354	23.023034908572786	89.69365946331038	6007	5.8630004	0.020000001
226_Neisseria_gonorrhoeae_DSM9189_DDA100_4368	858	4950	1.352136540694956	0.3950352756625285	70.69570477918936	25.807622504537203	89.66727162734422	5831	5.8630004	0.020000001
227_Neisseria_meningitidis_DSM10036_DDA100_4364	1000	6393	1.469858079690438	0.14955487981121784	73.22813098604396	23.606677004469578	88.46118763112287	7637	5.8630004	0.020000001
228_Pantoea_agglomerans_DSM3493_DDA100_4374	1795	10714	1.480315000823106	0.07641338203107229	70.31984675219132	24.89696406803274	88.99982585476288	12865	5.8630004	0.020000001
229_Pantoea_agglomerans_DSM1619_DDA100_4386	1922	10077	1.6198537495159169	0.06883530222313693	68.40976771888029	27.403216200119118	87.8082191780822	12144	5.8630004	0.020000001
230_Paracoccus_yeei_DSM30768_DDA100_4432	1806	11163	1.5491302273631495	0.0	67.82797132855475	28.182474856920596	88.51475245874313	13486	5.8630004	0.020000001
232_Proteus_mirabilis_DSM4479_DDA100_4408	1437	8918	1.566024604036272	0.14786914098564763	73.06789999329713	22.903679871305048	87.80079093773041	10684	5.8630004	0.020000001
233_Proteus_mirabilis_DSM788_DDA100_4418	1621	9723	1.6566090556325213	0.0	69.17812225797016	26.580871599883004	86.94940040947645	12015	5.8630004	0.020000001
245_Stenotrophomonas_geniculata_Sm_51_DDA100_5406	1380	7947	1.3185351496418725	0.05691894775990359	68.35011496075478	28.153492428446842	89.64560374217078	9457	5.8630004	0.018000001
246_Proteus_vulgaris_DSM13387_DDA100_4392	1657	10914	1.5551300311372378	0.0	67.38088970781784	28.212687549355092	86.71229270860754	13551	5.8630004	0.020000001
247_Proteus_vulgaris_DSM2140_DDA100_4390	1284	7206	1.3826853626673081	0.24090964074013183	73.18598097921803	22.68404367735118	89.6530468474815	8324	5.8630004	0.020000001
248_Streptococcus_pyogenes_DSM20565_DDA100_5344	978	7843	1.4288848760156594	0.08714029683644996	70.80682959491128	25.37663207231336	87.85403414797456	9752	5.8630004	0.020000001
249_Streptococcus_agalactiae_DSM6784_DDA100_4298	938	6153	1.4368330148094497	0.14273607155997364	75.41193701940682	20.743317466129625	85.78359575247163	7240	5.8630004	0.020000001
250_Providencia_rettgeri_DSM4542_DDA100_4334	1470	8509	1.4522152818016243	0.08488614857537699	70.80208556531676	25.891007785158205	89.0150703521177	10281	5.8630004	0.018000001
251_Streptococcus_dysgalactiae_ssp_dysgalactiae_DSM20662_DDA100_4284	1029	7436	1.4228381530493641	0.0	69.56963495173815	26.63473401553088	88.09783003120691	9278	5.8630004	0.020000001
252_Providencia_rettgeri_DSM1131_DDA100_4412	1572	9534	1.5441881006409155	0.09500734501784333	72.63137828048548	23.695748872084895	88.02185931244837	11402	5.8630004	0.020000001
253_Streptococcus_dysgalactiae_ssp_equisimilis_DSM6176_DDA100_4280	954	6368	1.3905191953944225	0.15751702759068256	76.02478972996902	20.973882248782648	89.94245241257194	7573	5.8630004	0.020000001
254_Providencia_stuartii_DSM4539_DDA100_4314	1712	10914	1.540727395378511	0.0	69.54171951690289	26.603430210114155	88.74427838747036	13310	5.8630004	0.020000001
255_Streptococcus_dysgalactiae_ssp_equisimilis_DSM23147_DDA100_4288	1075	7644	1.561723189120007	0.09104987681131217	73.29846582984658	22.92887029288703	86.70153417015342	9412	5.8630004	0.020000001
256_Providencia_stuartii_DSM2250_DDA100_4414	1584	10000	1.4277802935368897	0.09755747781725875	71.35201724668924	24.79211579919926	89.79981521404373	11971	5.8630004	0.020000001
258_Yersinia_enterocolitica_DSM4780_DDA100_5336	1690	10604	1.4591431577859044	0.053222723739948026	68.11978562351511	27.603735012984142	87.4854964362672	13014	5.8630004	0.020000001
260_Yersinia_enterocolitica_DSM9676_DDA100_5414	1596	9560	1.4095403828759414	0.0	68.19208005369455	27.793031911648058	87.20483250961011	11720	5.8630004	0.020000001
261_Streptococcus_pneumoniae_DSM11865_DDA100_4294	686	2814	1.0771054461985043	0.09363051951097998	96.44012944983818	0.0	97.680690399137	2815	5.8630004	0.020000001
262_Yersinia_pseudotuberculosis_DSM8992_DDA100_5332	1522	10152	1.4757505568348794	0.0	67.44763732851578	28.06413368712245	86.68774346525151	12520	5.8630004	0.020000001
263_Streptococcus_pyogenes_DSM2071_DDA100_4300	898	5871	1.3982396163230493	0.15568252907306362	73.1600495096639	23.307626392459298	90.22184137865372	7020	5.8630004	0.020000001
264_Pseudomonas_stutzeri_DSM5190_DDA100_4320	1648	9954	1.3989659457124346	0.0	68.94789958370127	27.765863504478368	90.77835246625457	12047	5.8630004	0.018000001
265_Streptococcus_pyogenes_DSM2072_DDA100_4296	930	7093	1.505075490823931	0.053022989071325674	69.61829815400456	26.807383981760687	88.865190850923	8884	5.8630004	0.020000001
266_Pseudomonas_stutzeri_DSM13592_DDA100_4452	1479	6711	1.5363771867448546	0.0	68.49560865048635	28.17074322410048	89.47964869203891	8073	5.8630004	0.018000001
267_Streptococcus_sanguinis_DSM20068_DDA100_4304	924	4534	1.2106775418059053	0.2967321760390528	76.0627952208947	21.380939149763822	91.78938594053903	5182	5.8630004	0.020000001
269_Streptococcus_sanguinis_DSM20567_DDA100_4302	969	5429	1.4147040389800314	0.3150085934344289	76.51967971128904	20.762377354234804	90.67328295928725	6259	5.8630004	0.020000001
270_Shigella_boydii_DSM7532_DDA100_4324	1397	9027	1.451959437423393	0.08446982970506955	72.99738219895288	23.18717277486911	89.52879581151832	10859	5.8630004	0.020000001
271_Vibrio_cholerae_DSM100200_DDA100_4306	1654	10199	1.4539700064748566	0.07185492261188908	72.94874173004389	22.939467012922773	90.75001545786186	12135	5.8630004	0.018000001
272_Shigella_dysenteriae_DSM103303_DDA100_4428	1298	8102	1.4232167885590632	0.0860175837144629	69.41848019978595	26.59293613985016	88.547984302533	9870	5.8630004	0.020000001
273_Vibrio_cholerae_DSM101014_DDA100_4388	1753	10934	1.538142054381502	0.0	68.93829905503057	26.781545302946082	88.32684824902724	13369	5.8630004	0.020000001
274_Shigella_flexneri_DSM4782_DDA100_4340	1500	9777	1.4924115263331623	0.0	67.24066999706142	28.022333235380547	87.42873934763445	12105	5.8630004	0.018000001
275_Yersinia_pseudotuberculosis_DSM22972_DDA100_4422	1599	10021	1.5769260470383126	0.0	67.20684736091297	28.108416547788874	86.47646219686163	12428	5.8630004	0.020000001
277_Acinetobacter_baumannii_DSM24110_DDA100_6500	1428	9254	1.2936437088710664	0.13925751028808378	79.04146324692292	18.53125214880011	89.23193288867496	10692	5.8630004	0.020000001
278_Shigella_sonnei_DSM25715_DDA100_4434	1484	8924	1.5701750840794624	0.07164472869251738	72.25760792639774	23.80492826352699	86.09020137682558	10805	5.8630004	0.020000001
280_Sphingomonas_paucimobilis_DSM30198_DDA100_4430	1880	11033	1.4769091582714928	0.0	71.08943995541934	25.405405405405407	88.21955976595152	13210	5.8630004	0.020000001
281_Staphylococcus_capitis_ssp_capitis_DSM20326_DDA100_4326	1002	6494	1.2989230781573475	0.10136181627400452	71.37559916794791	24.78068192095505	88.2879623767749	7807	5.8630004	0.020000001
282_Staphylococcus_capitis_ssp_urealyticus_DSM6717_DDA100_4406	1117	8053	1.2455437428994274	0.05138525395311898	62.23121141153928	32.793981974309844	84.0110708963168	9922	5.8630004	0.018000001
283_Staphylococcus_pasteuri_DSM10656_DDA100_4410	927	5306	1.4154281670205235	0.09025351399800415	66.37355652081787	29.007310096408517	84.65939188473355	6536	5.8630004	0.018000001
284_Staphylococcus_pasteuri_DSM10657_DDA100_4416	850	4343	1.1632981752310938	0.0874477652636139	63.772086015614306	32.14628133132448	86.48130393096835	5166	5.8630004	0.018000001
