sample_id	Identified_proteins	Identified_peptides	Median_precursor_mass_error_ppm	Median_precursor_mass_error_ppm_signed	Pct_charge_2plus	Pct_charge_3plus	Pct_zero_missed_cleavages	Identified_precursors	Median_RT_FWHM	Median_IM_FWHM	MS1_TIC_median	MS1_TIC_CV	MS2_precursor_events	MS1_frames	MS2_frames	Gradient_min	Total.Protein.Number.Ref	MS1_TIC_CV_pct	Protein.Identification.Rate
001_Achromobacter_xylosoxidans_HST_62_DDA100_5422	1651	8453	1.450803545215994	0.0	68.81481481481482	27.51111111111111	88.92592592592592	10081	5.8630004	0.018000001	2080260.0	1.0628427252804322	37560	993	5370	11.498184983333337	6134	106.28427252804322	26.915552657319857
002_Achromobacter_xylosoxidans_ssp_xylosoxidans_DSM2402_DDA100_4310	2010	8854	1.5253129269193864	0.0	70.30968021367214	25.972713491662457	88.8977116869992	10568	5.8630004	0.018000001	1162835.0	1.0975810610302918	38618	1029	5324	11.497421633333332	6134	109.75810610302918	32.76817737202478
003_Acinetobacter_baumannii_DSM30011_DDA100_5340	1436	9367	1.3823661641605782	0.1043329526606876	73.324862912933	23.030627256921225	89.07984485756319	11113	5.8630004	0.020000001	5986983.0	0.9993392160522938	39800	940	5435	11.496826266666666	3765	99.93392160522939	38.14077025232404
004_Aeromonas_hydrophila_ssp_hydrophila_DSM30183_DDA100_5418	1775	11284	1.3074375460570145	0.0	66.05759790553071	29.49710919602924	89.48401876295408	13685	5.8630004	0.018000001	1523139.5	1.0753074291923557	35505	996	5366	11.497922716666666	4121	107.53074291923556	43.07206988595001
005_Acinetobacter_lwoffii_DSM2403_DDA100_4346	1398	8893	1.46872401174457	0.0679247461737141	66.67311287307419	28.86611229291562	88.58376845226584	11062	5.8630004	0.020000001	4169587.5	1.029494053701025	38418	970	5399	11.497020066666666	3273	102.94940537010251	42.71310724106325
007_Acinetobacter_pittii_DSM9312_DDA100_4316	1557	9937	1.376363530965103	0.0	64.9937114451698	30.35874708031383	89.74666107684016	12238	5.8630004	0.018000001	3909090.0	1.0110846692304782	36388	951	5424	11.498002983333333	4014	101.10846692304783	38.789237668161434
008_Acinetobacter_pittii_DSM9318_DDA100_4382	1563	9284	1.5522481554980112	0.0	70.53807893546929	25.327821200180868	88.04340804857567	11367	5.8630004	0.020000001	6973003.5	0.986070484381942	42228	950	5423	11.4973005	4014	98.6070484381942	38.93871449925261
011_Aeromonas_hydrophila_ssp_hydrophila_DSM30187_DDA100_4332	1794	10961	1.4792910349785762	0.0	71.75752691267054	23.80404121812216	89.0046629439871	13159	5.8630004	0.020000001	5357293.0	1.0293617575908465	39914	958	5417	11.497283216666666	4121	102.93617575908465	43.53312302839117
012_Aeromonas_hydrophila_ssp_ranae_DSM17695_DDA100_4312	1643	9415	1.5110740682096675	0.0635371365350162	71.3382924099796	24.37627542623922	89.8492528470805	11355	5.8630004	0.018000001	934395.5	1.092335266142798	38903	1030	5325	11.496891683333333	4121	109.23352661427981	39.86896384372725
013_Aeromonas_veronii_DSM7386_DDA100_4342	1646	8864	1.6003725110554428	0.0629394669606191	71.9781360271224	23.82204386632533	87.12378052999378	10775	5.8630004	0.020000001	2552098.0	1.0481242709662542	41369	1009	5349	11.49666915	4109	104.81242709662541	40.05840837186663
014_Bacillus_atrophaeus_LSSC3_DDA100_5386	1119	4624	1.5338991515699438	0.1074137238057402	72.09129248325478	24.770528404862315	88.05507318283304	5597	5.8630004	0.020000001	1893010.0	1.0718403454465766	38871	1002	5357	11.496922616666666	4260	107.18403454465766	26.267605633802816
016_Bacillus_cereus_ATCC10987_DDA100_5362	1490	8004	1.4917176213331511	0.0	70.61347061347061	25.66137566137566	87.35163735163735	9794	5.8630004	0.020000001	785994.5	1.0859988997211396	39129	1024	5331	11.498255416666666	5240	108.59988997211396	28.435114503816795
018_Bacillus_atrophaeus_GBSC56_DDA100_5358	1202	4689	1.5571949742124491	0.1787129932073714	72.75410677618069	24.204312114989733	88.10318275154005	5639	5.8630004	0.020000001	3156682.0	1.0688368847150689	40322	997	5364	11.497117166666667	4260	106.88368847150689	28.215962441314552
019_Bacillus_atrophaeus_NMTD54_DDA100_5348	1261	4716	1.6100904497291764	0.0924513987619278	73.20195807706791	23.38395883017447	87.34780971507469	5673	5.8630004	0.020000001	563971.0	1.100060484206549	41054	1039	5312	11.498159316666666	4260	110.00604842065489	29.60093896713615
020_Bacillus_atrophaeus_TS1_DDA100_5378	990	3972	1.424674414881944	0.1660240015918381	71.95103521233187	25.13223515188152	88.81668429802025	4762	5.8630004	0.020000001	754654.5	1.0894322777253236	38613	1022	5335	11.497581416666666	4260	108.94322777253235	23.239436619718308
021_Alcaligenes_faecalis_ssp_faecalis_DSM30030_DDA100_4308	1606	9419	1.5603125869579368	0.0	68.77106559502204	27.100077780658545	89.00700025926886	11502	5.8630004	0.018000001	1227486.0	1.0885947093533743	38268	1017	5336	11.497378966666668	3770	108.85947093533743	42.59946949602122
022_Alcaligenes_faecalis_ssp_parafaecalis_DSM13975_DDA100_4352	1395	7645	1.5368763687830849	0.0853162030928499	68.1938600592177	27.87127941405641	89.36418887330528	9387	5.8630004	0.018000001	1634154.0	1.0764650853928448	38269	1006	5365	11.49802725	3770	107.64650853928448	37.0026525198939
023_Citrobacter_amalonaticus_04-08695_DDA100_6488	1480	7090	1.4629264591550348	0.0	75.57871359015974	21.457247800461264	85.81190740582556	8414	5.8630004	0.020000001	1020676.0	1.0955649992339724	40234	1067	5305	11.497912433333331	5139	109.55649992339724	28.79937731076085
024_Bacillus_cereus_DSM31_DDA100_5324	1657	10533	1.4674934937374813	0.0703382482349225	68.20316766794102	27.646095030038232	87.06171490988531	12993	5.8630004	0.020000001	605628.0	1.1080691298833285	37750	1029	5325	11.498421766666668	5240	110.80691298833285	31.62213740458015
026_Bacillus_halotolerans_LNXM37_DDA100_5346	1699	10528	1.6030863110918467	0.0	71.330869781038	24.692515581049037	86.7519717610722	12910	5.8630004	0.020000001	5662884.0	1.0281019120986263	41591	973	5396	11.497719716666667	4109	102.81019120986264	41.3482599172548
027_Bacillus_subtilis_ssp_spizizenii_ATCC6633_DDA100_6512	1587	10883	1.4432240068140254	0.0	75.45843024828258	21.555687780602582	84.31330123870828	13118	5.8630004	0.020000001	999070.0	1.0775154519240076	40865	1049	5316	11.497661583333333	4053	107.75154519240076	39.15618060695781
028_Bacillus_safensis_GBSW22_DDA100_5388	1407	8630	1.432579349877006	0.0823671868236881	73.52880160431505	22.730101652721117	88.41712191411382	10298	5.8630004	0.020000001	1570240.0	1.07288752934489	39688	1009	5348	11.496892316666669	3746	107.28875293448901	37.56006406833956
030_Bacillus_sp._LLTC93_DDA100_5342	1635	11277	1.4302661136304362	0.0	67.37351381954811	27.999382366565445	86.13412939420454	13968	5.8630004	0.020000001	585094.0	1.1019666730884283	38734	1032	5320	11.498110916666668	3812	110.19666730884283	42.89087093389297
032_Bacillus_sp._RJGP41_DDA100_5390	1376	9147	1.413981899543284	0.0811925101208493	73.99165507649514	22.173653884363205	89.3237962778992	10791	5.8630004	0.020000001	3415648.0	1.0578481072681312	37384	982	5385	11.498461266666668	5072	105.78481072681312	27.129337539432175
034_Bacillus_subtilis_ssp_subtilis_SYST2_DDA100_5364	1646	10265	1.5288241759419214	0.0	69.81597845601436	26.29039497307002	87.13532315978456	12618	5.8630004	0.020000001	597289.0	1.0981828750546645	39457	1031	5322	11.497027833333334	4260	109.81828750546644	38.63849765258216
036_Bacillus_subtilis_ssp_subtilis_NMSX4_DDA100_5370	1685	10401	1.530269701175376	0.0	70.34637975517374	25.800076851292747	87.14936597683483	12784	5.8630004	0.020000001	584404.5	1.096031291675979	39938	1030	5324	11.497124216666666	4260	109.60312916759788	39.55399061032864
038_Bacillus_subtilis_DSM10_DDA100_5352	1665	10905	1.5344304228662726	0.0	71.08816093808832	25.254155236404717	87.10666451508796	13274	5.8630004	0.020000001	937114.0	1.0845653491357727	40032	1023	5334	11.498025533333331	4390	108.45653491357727	37.92710706150342
040_Bacillus_thuringiensis_GBAC46_DDA100_5384	1353	7364	1.4801845632576267	0.1382455192867557	70.26022304832715	26.14622057001239	88.22026022304833	9014	5.8630004	0.020000001	3071468.0	1.0599993232450982	38930	987	5379	11.49830315	6099	105.99993232450981	22.18396458435809
042_Bacillus_thuringiensis_NMTD81_DDA100_5376	1520	7852	1.4935788052471923	0.0690758933124719	70.2631972483924	25.684163301929114	87.29624644833258	9550	5.8630004	0.020000001	593650.0	1.1031242873669478	38550	1031	5324	11.497187266666666	6099	110.31242873669478	24.922118380062305
043_Burkholderia_cenocepacia_ATCC25608_DDA100_6494	1643	7480	1.377652380796628	0.0	75.05296161342258	22.311668502669267	87.61969324633505	8864	5.8630004	0.020000001	2063448.0	1.0523682139770454	39241	994	5386	11.498008566666666	7409	105.23682139770455	22.17573221757322
044_Bacillus_velezensis_GBSW11_DDA100_5380	1281	7922	1.456552584006215	0.0935472728280486	71.40812175092293	25.299480147668195	88.64612370978678	9557	5.8630004	0.020000001	624476.0	1.0992241633633475	38774	1027	5333	11.498418816666666	3790	109.92241633633475	33.79947229551451
045_Burkholderia_cepacia_DSM50181_DDA100_5284	1621	6553	1.4560639078798374	0.0	73.10365369340747	24.53335980937252	89.99205718824463	7703	5.8630004	0.018000001	3230531.0	1.0600379199739272	38046	969	5402	11.497961966666669	7409	106.00379199739271	21.878796058847346
046_Bacillus_velezensis_DSM23117_DDA100_5338	1242	7863	1.3997201959328331	0.0823693035963673	71.02037747199037	25.15226708775096	87.45018422437776	9572	5.8630004	0.020000001	2469626.5	1.075803727131443	38479	998	5365	11.498143516666666	3790	107.58037271314429	32.770448548812666
048_Bacillus_wiedmannii_GBSC29_DDA100_5368	1618	9678	1.4836754228019735	0.069097197438401	69.46263198253997	26.44369728071728	87.4004600955583	11925	5.8630004	0.020000001	2320880.0	1.0778881952827988	38528	1000	5360	11.497109733333334	5753	107.78881952827987	28.124456805145144
050_Bacillus_wiedmannii_GBSC45_DDA100_5372	1407	8740	1.4918127314577592	0.0	72.22516907571939	23.683861556822706	88.49622066038987	10590	5.8630004	0.020000001	1385143.5	1.081332774761775	38849	1006	5353	11.497420233333337	5753	108.1332774761775	24.456805145141665
051_Campylobacter_coli_DSM4689_DDA100_5278	1167	8812	1.4705454271220413	0.0632619402123664	74.2183324425441	23.4233030464992	86.69160876536611	10665	5.8630004	0.020000001	599350.0	1.1172520493314746	37510	1032	5321	11.498277816666668	1916	111.72520493314747	60.908141962421716
052_Bacillus_wiedmannii_LLCG23_DDA100_5374	1559	9377	1.4460648351732082	0.0940257166288485	69.28372991907236	26.645730160647425	87.06969440753714	11578	5.8630004	0.020000001	1080612.0	1.097201599449805	38175	1016	5359	11.497397916666667	5753	109.7201599449805	27.098904919172607
053_Campylobacter_coli_DSM24132_DDA100_5288	1079	7474	1.3281699029534049	0.0992563417109986	83.36953688417759	14.753671040055607	90.83326092623165	8360	5.8630004	0.020000001	598410.5	1.130218834771636	35958	1032	5322	11.498030983333331	1916	113.0218834771636	56.31524008350731
054_Bacillus_wiedmannii_NMSL88_DDA100_5366	1579	9415	1.498826143711757	0.0	69.80682234992052	26.21958674654603	87.302848759017	11544	5.8630004	0.020000001	1820587.0	1.0806540918607088	38598	1004	5355	11.497038616666666	5753	108.06540918607088	27.44654962628194
056_Campylobacter_jejuni_DSM24114_DDA100_5292	905	4971	1.3401709849705778	0.2515992275903713	81.82758175003231	16.375856275042004	90.30632027917798	5550	5.8630004	0.020000001	2522120.0	1.0749153139739354	36954	991	5376	11.497195616666666	1623	107.49153139739353	55.76093653727665
057_Bacillus_wiedmannii_NMSW23_DDA100_5382	1593	9586	1.4190260545522977	0.0	69.85334057577404	26.17538777234595	87.58524956243588	11780	5.8630004	0.020000001	2157281.5	1.0775234552217243	38556	1002	5359	11.497486316666668	5753	107.75234552217243	27.689900921258477
058_Burkholderia_cepacia_DSM7288_DDA100_5356	1742	7438	1.4935134256174138	0.0	70.61701774755349	25.733952562614032	88.8206999502405	8954	5.8630004	0.020000001	4495591.0	1.0443763982058325	39227	967	5403	11.498208216666663	7409	104.43763982058326	23.511944931839654
060_Citrobacter_freundii_DSM30039_DDA100_5350	1538	6310	1.602118931490035	0.0537082916847909	73.15254869070917	23.716335849408257	87.8855651849781	7627	5.8630004	0.020000001	2166845.0	1.0640469665567764	40740	1007	5352	11.498632566666666	4792	106.40469665567764	32.095158597662774
062_Enterobacter_quasiroggenkampii_E34_DDA100_5328	1562	8527	1.456907701594226	0.0	69.82468443197756	26.262272089761574	87.76998597475456	10380	5.8630004	0.020000001	1450542.5	1.0840799636873877	39038	1006	5353	11.497694666666666	5248	108.40799636873876	29.76371951219512
064_Bacteroides_fragilis_DSM2151_DDA100_4328	1377	9665	1.4278617089220078	0.0	72.96303464292626	23.85007418876201	89.9554867427908	11424	5.8630004	0.020000001	1371896.0	1.1030812400422	36906	1026	5332	11.497262383333332	4409	110.30812400422	31.231571784985256
066_Bordetella_pertussis_DSM5571_DDA100_4442	1240	7001	1.4286608219200003	0.1819726103925467	72.75182284634081	23.476460527500222	88.74786209379782	8197	5.8630004	0.020000001	684637.0	1.096853446885078	39490	1037	5315	11.497289333333333	3258	109.6853446885078	38.06015960712094
067_Clostridioides_difficile_DSM12056_DDA100_5304	1242	8423	1.5978960519366483	0.0	74.37841530054645	22.02185792349727	83.95491803278688	10040	5.8630004	0.020000001	3050144.0	1.0565351808786037	38131	986	5379	11.497054283333334	3762	105.65351808786036	33.014354066985646
068_Bordetella_pertussis_DSM4924_DDA100_5254	1487	9265	1.453219179199202	0.0	73.80841277248183	22.905139657356177	89.31404573028465	11014	5.8630004	0.020000001	1564447.0	1.0872619624883837	38808	1008	5354	11.49849925	3258	108.72619624883836	45.6414978514426
070_Brevundimonas_diminuta_DSM7234_DDA100_4450	1429	7238	1.5731427220929968	0.0969462418546979	68.89380168672726	27.34790796692049	87.26766560222714	8758	5.8630004	0.020000001	3079773.0	1.042815348505953	41139	999	5362	11.498268533333334	3128	104.2815348505953	45.68414322250639
072_Brevundimonas_diminuta_DSM1635_DDA100_4440	1478	7651	1.5503253859398254	0.0	68.42950004012519	27.86293234892866	88.39579488002568	9203	5.8630004	0.020000001	4334265.0	1.0364824860128343	40840	977	5391	11.49793625	3128	103.64824860128343	47.250639386189256
074_Brevundimonas_intermedia_DSM4732_DDA100_5252	1279	5317	1.610073943677962	0.0830154946760503	73.51363188437534	23.168728785722102	87.90101828533888	6378	5.8630004	0.020000001	6435671.5	1.0155364896520669	40932	952	5423	11.497585866666666	3176	101.55364896520669	40.27078085642317
075_Clostridium_perfringens_DSM756_DDA100_5266	1261	8643	1.5588612207010533	0.0500257157191654	73.34675643365004	24.12382810042157	84.89272006543762	10492	5.8630004	0.020000001	1787815.5	1.0798617847545622	37323	1002	5366	11.498329716666666	2873	107.98617847545621	43.89140271493213
076_Brevundimonas_vesicularis_DSM7226_DDA100_4446	1803	11317	1.5749696803730946	0.0663471183151321	70.2269129287599	25.926121372031663	87.85224274406332	13649	5.8630004	0.020000001	3290770.0	1.0516227589046767	42213	998	5365	11.497863283333334	3269	105.16227589046767	55.15448149281126
077_Clostridium_perfringens_DSM798_DDA100_5306	1107	7151	1.475143083482233	0.0783626346896965	76.61016949152543	21.119432400473	86.84272763106031	8440	5.8630004	0.020000001	1330556.0	1.0856332585927302	37078	1008	5351	11.497412233333334	2721	108.56332585927302	40.683572216097026
078_Brevundimonas_vesicularis_DSM108136_DDA100_4454	1514	8421	1.5847045165240838	0.0910683031397892	71.11816578483246	25.09347442680776	86.87830687830687	10214	5.8630004	0.020000001	909400.5	1.056620983047877	42773	1026	5330	11.497798183333334	3269	105.6620983047877	46.313857448761084
079_Clostridium_tetani_DSM11744_DDA100_5312	1047	6900	1.5820672503096014	0.0904106002266348	76.91238966982674	20.27623406341942	85.27296502124877	8112	5.8630004	0.020000001	7373497.0	1.00963770539832	38589	949	5428	11.498412583333334	2415	100.96377053983201	43.35403726708075
080_Clostridium_tetani_DSM11745_DDA100_5262	1028	6801	1.5688089207940763	0.096612126705838	78.75133316925096	18.656165395028303	86.1268356715071	7910	5.8630004	0.020000001	6631243.0	1.0133393513029598	38175	954	5419	11.497309416666669	2415	101.33393513029598	42.56728778467909
082_Cutibacterium_acnes_ssp_acnes_DSM1897_DDA100_5258	1303	8427	1.4743842311168114	0.0	68.25025960539979	27.64148494288681	88.66822429906543	10519	5.8630004	0.020000001	3729606.5	1.0606130732724304	38360	980	5387	11.497820633333331	2294	106.06130732724304	56.80034873583261
083_Cutibacterium_acnes_ssp_acnes_DSM16379_DDA100_5260	1330	9437	1.428709813077968	0.0	66.92867198498358	28.806898169873296	89.01923979352416	11868	5.8630004	0.020000001	3304590.0	1.0597156332884383	37521	969	5401	11.49795955	2294	105.97156332884383	57.97733217088056
084_Cutibacterium_acnes_ssp_acnes_DSM108415_DDA100_5264	1284	7797	1.502970734379306	0.0708389886459269	67.59664098827122	28.183774030120063	88.65986536192658	9804	5.8630004	0.020000001	4172164.0	1.0425044298861363	38405	967	5410	11.498693666666666	2294	104.25044298861363	55.97210113339146
085_Cutibacterium_granulosum_DSM20700_DDA100_5308	1260	8097	1.5004538873009083	0.0602473152290151	67.2449182281666	27.85539296828445	89.29351784413693	10181	5.8630004	0.020000001	5873931.0	1.0236360344089297	39482	956	5418	11.498196266666667	1962	102.36360344089297	64.22018348623854
086_Cutibacterium_granulosum_DSM20458_DDA100_5310	1259	8486	1.4871870307842905	0.0593865488279173	66.80404404662245	28.77197501448902	89.24592697533646	10534	5.8630004	0.020000001	4245839.0	1.0543144655010523	37809	975	5394	11.497766216666667	1962	105.43144655010524	64.16921508664628
088_Escherichia_coli_DSM682_DDA100_6510	1737	10300	1.4470751639264834	0.0532754548791526	73.58044618666052	22.83968409523261	83.97417420879691	12477	5.8630004	0.020000001	1030642.5	1.072681050366079	40885	1038	5331	11.4970668	4594	107.2681050366079	37.81018720069656
092_Helicobacter_pylori_DSM7492_DDA100_5272	873	5423	1.452346958512086	0.1767453961359214	76.96765356653673	20.366663154567487	86.87177325887683	6382	5.8630004	0.020000001	1607310.0	1.0797154656664096	37555	1007	5356	11.497401266666666	1554	107.97154656664097	56.17760617760618
093_Helicobacter_pylori_DSM10242_DDA100_5270	889	5644	1.3704516195403378	0.157397167118567	77.11608537220198	20.239458615304528	89.06819364914107	6648	5.8630004	0.020000001	985304.0	1.111368461285299	36269	1017	5346	11.496919716666667	1554	111.1368461285299	57.20720720720721
098_Klebsiella_quasipneumoniae_ssp_similipneumoniae_DSM28212_DDA100_4372	1831	10268	1.5557965450524418	0.0732628189125804	71.96943180492357	23.74868743437172	87.7727219694318	12432	5.8630004	0.020000001	687942.0	1.0881756930005346	41202	1049	5301	11.497054466666668	5913	108.81756930005346	30.965668865212244
100_Stenotrophomonas_maltophilia_DSM50170_DDA100_4322	1532	8091	1.4624518042649417	0.1055428575770906	67.70681591658361	28.49037798052596	89.84129418078662	9740	5.8630004	0.018000001	3398940.5	1.0517656054233384	37469	968	5407	11.496965583333331	4026	105.17656054233385	38.05265772478887
102_Enterococcus_hirae_P25_2_DDA100_6504	1196	8842	1.4715646066159112	0.0770929175119887	75.49912652857499	20.78861991514849	84.50212128774645	10676	5.8630004	0.020000001	1107225.0	1.0628006584255236	39617	1027	5347	11.497628433333334	2651	106.28006584255236	45.115050924179556
107_Klebsiella_quasipneumoniae_ssp_quasipneumoniae_DSM28211_DDA100_4384	2091	11355	1.6107918766954346	0.0	70.39975273026994	25.195755202967234	86.17350092726149	13917	5.8630004	0.020000001	5435445.0	1.0233597452149503	42669	996	5366	11.497362883333333	5913	102.33597452149503	35.36276002029427
109_Escherichia_coli_DSM3871_DDA100_5326	1532	9361	1.4484733584599567	0.0	68.9236863279074	27.016153988983103	87.85665655752925	11501	5.8630004	0.020000001	593154.5	1.1290589724160005	37397	1052	5296	11.497232066666667	4594	112.90589724160004	33.34784501523727
110_Enterococcus_faecium_UW6203_DDA100_6506	1085	6583	1.3610113017714591	0.1022533363218575	77.86636623624231	19.2824334864373	84.23606898344744	7766	5.8630004	0.020000001	1016296.0	1.0684848517074454	39367	1037	5333	11.4975133	2877	106.84848517074454	37.71289537712895
111_Enterococcus_faecium_DSM20477_DDA100_4282	1068	6566	1.4494139096361789	0.0571159261170523	73.97013388259526	22.04771713010642	87.46996223824236	7929	5.8630004	0.020000001	3345030.0	1.05583023306239	37782	991	5371	11.497704433333332	2877	105.58302330623901	37.122002085505734
112_Enterococcus_faecalis_DSM20371_DDA100_5394	1063	6622	1.342873404414607	0.0879486126809938	73.83789684344583	22.0231056126626	89.73892477030839	7721	5.8630004	0.020000001	4005164.0	1.024017179693086	35689	942	5437	11.497864016666666	3240	102.40171796930859	32.808641975308646
114_Enterococcus_faecium_UW6713_DDA100_5420	975	6371	1.345969923190178	0.0975161657423759	72.51209854817422	23.83633963924329	88.59656841179059	7664	5.8630004	0.020000001	3240167.0	1.047147044846947	35645	969	5399	11.498233983333334	2877	104.7147044846947	33.889468196037534
115_Klebsiella_oxytoca_CCUG_15788_DDA100_5400	1531	8705	1.3103116430652848	0.0	68.76625659050967	27.3884007029877	89.16695957820738	10404	5.8630004	0.020000001	1297878.5	1.0860842353495694	35210	1006	5355	11.498489616666664	5789	108.60842353495694	26.44670927621351
116_Citrobacter_amalonaticus_DSM4593_DDA100_4336	1576	7024	1.5517922058954412	0.0	68.6613360846015	27.50408391367896	87.79124752815751	8562	5.8630004	0.018000001	749021.0	1.1101702655650851	38441	1043	5307	11.496892083333334	5139	111.01702655650851	30.667445028215607
117_Citrobacter_amalonaticus_DSM17342_DDA100_4356	1478	6644	1.5594029449286582	0.0	67.79029539607913	27.960613856116385	87.15514947219019	8158	5.8630004	0.018000001	711308.0	1.1084914765526823	38110	1035	5325	11.4966062	5139	110.84914765526823	28.760459233313874
118_Pseudomonas_aeruginosa_DSM50071_DDA100_5354	2052	11867	1.45058982795642	0.0	72.73330018233052	23.7029670147522	89.92762031051438	13908	5.8630004	0.020000001	4434131.0	1.0208074537288183	39905	957	5416	11.497934783333331	5563	102.08074537288184	36.88657199352867
119_Pseudomonas_aeruginosa_DSM1117_DDA100_5396	1719	10505	1.3212260275689114	0.0	68.4028619936939	28.17729808391948	90.38321610477809	12493	5.8630004	0.018000001	2736074.5	1.0401619038571217	35526	966	5404	11.4967398	5563	104.01619038571216	30.90059320510516
120_Citrobacter_freundii_DSM14984_DDA100_4400	1362	5778	1.6081763313390849	0.0843429678586661	70.3609037930682	26.060729986708925	87.32235967692465	6999	5.8630004	0.020000001	1644763.0	1.0688912991497417	40901	1014	5348	11.498221433333333	4792	106.88912991497416	28.422370617696156
121_Pseudomonas_aeruginosa_DSM29238_DDA100_5412	1861	11084	1.3362172318772858	0.0	67.76147216398789	28.6512928022362	89.96622408572094	13138	5.8630004	0.018000001	2364357.0	1.0410825687494514	35229	973	5397	11.49693105	5563	104.10825687494514	33.453172748516984
122_Enterococcus_durans_P25_3_DDA100_6486	675	3010	1.3368751017417897	0.2382832649424228	82.25302616165561	15.638422491214367	87.77821163607966	3385	5.8630004	0.020000001	1027393.0	1.0828386900146414	38667	1049	5322	11.49710285	2651	108.28386900146414	25.462089777442475
123_Citrobacter_freundii_DSM24120_DDA100_4404	1291	5492	1.6085063831460529	0.0743576814685539	70.91201716738198	25.43991416309013	86.7274678111588	6617	5.8630004	0.020000001	786945.5	1.0893166933010674	40970	1040	5311	11.4969508	4792	108.93166933010674	26.94073455759599
125_Klebsiella_aerogenes_E56_DDA100_6496	1615	9263	1.2236645147969962	0.0969449354705426	76.96204288390813	20.33863021303171	88.39081257372841	10716	5.8630004	0.020000001	988459.0	1.1012691704636914	38917	1064	5345	11.497511966666668	4909	110.12691704636914	32.898757384396006
126_Citrobacter_koseri_DSM4570_DDA100_4426	1707	10022	1.5040223318282488	0.0842737509153669	71.29685428468122	24.56912136916958	88.0197661805472	12097	5.8630004	0.020000001	1522228.0	1.0660151240906364	40774	1017	5341	11.496883966666667	5019	106.60151240906363	34.01075911536163
127_Ralstonia_pickettii_DSM6297_DDA100_5334	1620	10156	1.4386638959808176	0.0	66.64715523296651	29.261297120112385	86.9468508546008	12533	5.8630004	0.018000001	2752552.0	1.0590020484692555	37599	986	5380	11.497428133333331	4773	105.90020484692555	33.9409176618479
128_Klebsiella_oxytoca_Oman_61_DDA100_5440	1601	7744	1.425532791520013	0.0625865930063432	69.56083178150217	26.76908752327747	87.88795779019243	9306	5.8630004	0.020000001	4137895.5	1.0393593948211957	38525	968	5400	11.498323033333332	5789	103.93593948211957	27.65589911901883
129_Citrobacter_koseri_DSM4596_DDA100_4394	1681	10318	1.4987648043678552	0.0870817249565022	71.38157894736842	24.347979323308277	88.16376879699249	12441	5.8630004	0.020000001	772136.0	1.1117012827666328	39831	1051	5323	11.496733916666669	5019	111.17012827666328	33.49272763498705
130_Escherichia_coli_DSM30083_DDA100_4275	1486	8941	1.4261962458711617	0.0	72.9678510998308	23.21489001692047	88.60236886632826	10736	5.8630004	0.020000001	1255216.5	1.0808983701756385	38927	1014	5345	11.497826583333334	4594	108.08983701756385	32.34653896386591
131_Klebsiella_pneumoniae_ssp_ozaenae_ATCC25926_DDA100_5436	1659	9821	1.4050500599956373	0.0686969736647403	72.51530706908281	22.988434658915207	88.63875316964563	11695	5.8630004	0.020000001	3338820.5	1.0558303365704649	38815	980	5388	11.498554033333331	5728	105.58303365704649	28.962988826815643
132_Corynebacterium_diphtheriae_DSM43988_DDA100_4398	1108	7064	1.4374962265724052	0.2308317328999852	68.99942637056462	26.100139310005737	89.95329017454723	8553	5.8630004	0.020000001	3203402.0	1.044310644231885	39356	993	5371	11.497138033333332	2265	104.4310644231885	48.91832229580574
133_Haemophilus_influenzae_DSM4690_DDA100_4378	987	6467	1.4171866498530197	0.1531177191346863	73.30357142857142	23.169642857142858	88.15178571428571	7743	5.8630004	0.020000001	1242820.0	1.093559643186884	37576	1024	5331	11.497404633333334	1704	109.3559643186884	57.9225352112676
134_Proteus_columbae_MN12_DDA100_5438	1224	5907	1.4467180138190954	0.1002723945121143	69.0565664556962	27.284414556962027	87.76700949367088	7193	5.8630004	0.020000001	4002650.0	1.0354717906323336	37519	962	5408	11.497706583333333	3661	103.54717906323336	33.43348811800055
135_Haemophilus_influenzae_DSM10000_DDA100_4456	910	5506	1.6054894638674693	0.1647970442002152	73.42594443333999	23.68578852688387	87.657405556666	6685	5.8630004	0.020000001	1409134.5	1.070346087220116	39317	1024	5330	11.498621583333334	1704	107.0346087220116	53.4037558685446
136_Corynebacterium_diphtheriae_DSM43989_DDA100_5256	1264	8638	1.5521174728882192	0.0740640891376125	69.78004663767567	26.173819877733663	89.2922417596269	10795	5.8630004	0.020000001	5297045.0	1.030149107743128	40014	963	5408	11.498406316666664	2265	103.0149107743128	55.80573951434879
137_Proteus_mirabilis_718-91_DDA100_6490	1251	5745	1.503903656768082	0.1036295518336218	77.23980964204428	19.822056693565077	86.48872336023175	6778	5.8630004	0.020000001	1016633.5	1.0950391275626312	39150	1066	5302	11.497528483333332	3963	109.50391275626312	31.566994700984104
138_Corynebacterium_diphtheriae_ssp_diphtheriae_DSM44123_DDA100_4330	1106	6909	1.4271147999882732	0.0994060011923946	69.84810126582278	25.459915611814345	90.32911392405065	8360	5.8630004	0.020000001	1487776.0	1.0875641479652227	38068	1017	5339	11.497334783333336	2265	108.75641479652228	48.83002207505518
139_Haemophilus_influenzae_DSM10001_DDA100_4448	892	5122	1.3941808297914178	0.3287421038497258	72.79230941202772	24.01073105298457	88.18466353677621	6050	5.8630004	0.020000001	1056842.0	1.082734430339859	38949	1025	5330	11.498086533333332	1704	108.2734430339859	52.347417840375584
140_Pseudomonas_aeruginosa_ATCC33355_DDA100_6508	1571	9415	1.0452052580618312	0.1273172535885959	79.27259632697155	18.44436442203817	90.89665106229744	10671	5.8630004	0.020000001	1018156.0	1.067905742803127	35236	1054	5312	11.497192183333334	5563	106.79057428031268	28.24015818802804
141_Corynebacterium_pseudotuberculosis_DSM20689_DDA100_4344	1345	9953	1.482962833194561	0.0489946157856928	67.53321447058147	27.497555645022143	88.98602404095014	12361	5.8630004	0.020000001	3137951.0	1.0442285210993296	39413	987	5378	11.497020666666666	2001	104.42285210993296	67.21639180409795
142_Klebsiella_aerogenes_DSM30053_DDA100_4350	1787	10852	1.4610756344280469	0.0684137438832982	70.86456485666876	24.054471591234197	88.12725296103451	13029	5.8630004	0.020000001	750376.0	1.1035770584519768	39853	1042	5309	11.497045283333334	4909	110.35770584519769	36.402525972703195
143_Ralstonia_condita_HST_2644_DDA100_6498	1394	7069	1.3973397117781352	0.0	73.3852140077821	23.813229571984436	86.92607003891051	8519	5.8630004	0.020000001	1016467.0	1.0820984306498311	39156	1050	5316	11.498026166666667	4773	108.20984306498312	29.205950136182697
144_Corynebacterium_pseudotuberculosis_DSM7177_DDA100_4444	1219	7945	1.457866681007755	0.1658204572366451	70.31799476243921	25.46950991395436	89.76430976430977	9646	5.8630004	0.020000001	5521200.0	1.0177918836920063	40822	965	5406	11.497158583333334	2001	101.77918836920064	60.91954022988506
145_Ralstonia_insidiosa_Rp_127_DDA100_5402	1437	6998	1.4200168815130505	0.0	70.16609496298972	27.107781187940063	89.43852680989349	8358	5.8630004	0.018000001	4394976.0	1.0308788085574274	37194	951	5424	11.497698033333334	4773	103.08788085574274	30.106851037083594
146_Staphylococcus_aureus_DSM4910_DDA100_5428	1269	9536	1.3318729548182686	0.0637837272403715	68.18809681100234	27.21758452945769	87.06384000960902	11723	5.8630004	0.020000001	2927791.0	1.0501273591083746	36165	964	5405	11.497958066666666	2889	105.01273591083746	43.925233644859816
147_Corynebacterium_pseudotuberculosis_DSM7178_DDA100_4438	1207	8170	1.4685301015780077	0.0945352641895077	71.64018892228424	24.45971089165593	89.46615142407327	9958	5.8630004	0.020000001	2507323.0	1.054822338080351	41696	998	5364	11.49841875	2001	105.48223380803509	60.31984007996002
148_Salmonella_enterica_sv_enteritidis_LT21-Ib_08-01796_DDA100_5410	1446	8819	1.38670325097999	0.0507335333283039	72.62177749982628	23.42436244875269	88.85414495170593	10437	5.8630004	0.020000001	3382609.0	1.0505518725709069	38142	978	5389	11.496785216666666	4868	105.0551872570907	29.70419063270337
149_Staphylococcus_aureus_DSM25693_DDA100_5432	1297	9378	1.3087022483177448	0.0	67.82635658914728	27.634108527131783	86.46201550387596	11499	5.8630004	0.020000001	2793684.0	1.053587263664639	36291	967	5404	11.497009433333334	2889	105.35872636646391	44.89442713741779
150_Corynebacterium_ulcerans_DSM46325_DDA100_4338	1350	9764	1.3788115761412914	0.0	64.37773312847182	30.705590355749912	89.36886892802269	12139	5.8630004	0.018000001	2666176.0	1.0549555998061522	36979	988	5375	11.4973007	2180	105.49555998061521	61.92660550458715
151_Salmonella_enterica_sv_typhimurium_DT104_08-01627_DDA100_5398	1647	10888	1.3444495512922805	0.0	65.60344351856962	29.744495336901934	86.60669940952485	13248	5.8630004	0.020000001	2357640.0	1.0607339814713277	35870	980	5383	11.496987983333334	4868	106.07339814713276	33.83319638455218
152_Staphylococcus_epidermidis_DSM1798_DDA100_5318	936	5777	1.223842108972657	0.1053205947652536	70.74718526100308	24.58546571136131	87.68679631525077	6878	5.8630004	0.020000001	1081518.0	1.0838317715152934	34440	1006	5353	11.49842685	2492	108.38317715152934	37.56019261637239
153_Enterobacter_cloacae_ssp_cloacae_DSM30054_DDA100_4271	1686	10021	1.448479007577164	0.0	72.71420536216486	23.14855321542404	89.43816011499281	11873	5.8630004	0.020000001	706021.0	1.1250820020681136	38303	1044	5320	11.496781833333332	5177	112.50820020681135	32.567123816882365
154_Shigella_boydii_06-06820_DDA100_5404	1309	8399	1.3505909068973794	0.0850671652056239	74.19821906899298	22.56569897922247	89.57503800767394	9911	5.8630004	0.020000001	3289067.5	1.050207739883045	37200	970	5399	11.4978583	4143	105.0207739883045	31.595462225440503
156_Klebsiella_aerogenes_E19_DDA100_5416	1859	11110	1.4263183158472192	0.0	67.98791996979993	27.530604540797064	87.93614841179959	13549	5.8630004	0.020000001	4243635.0	1.0304083564448063	37652	951	5421	11.496912816666669	4909	103.04083564448064	37.86921980036667
157_Shigella_flexneri_3A_07-02503_DDA100_5408	1532	9680	1.4743119570385497	0.0	69.28533110806461	26.458842462895632	87.54842939738928	11818	5.8630004	0.020000001	4785122.5	1.0310572027910083	37598	962	5409	11.497740616666666	4103	103.10572027910084	37.33853278089203
158_Staphylococcus_hominis_ssp_hominis_DSM20328_DDA100_5322	1075	7777	1.3467366552525988	0.066666278262337	66.05305116683577	29.685461661110303	84.99782577185098	9615	5.8630004	0.020000001	2344133.0	1.075982838253138	34864	989	5378	11.49830285	2351	107.5982838253138	45.72522330923012
159_Enterobacter_hormaechei_ssp_hoffmannii_DSM14563_DDA100_4292	1817	10010	1.61312622316136	0.0	72.75492891827064	22.588193997542856	84.71889077400105	12118	5.8630004	0.020000001	9160185.0	0.9786570090016586	42400	946	5427	11.498203	4641	97.86570090016586	39.15104503339798
160_Staphylococcus_aureus_DSM20231_DDA100_5320	1222	9134	1.3589144447849282	0.0670361790236019	68.60472285590974	27.64658733584068	86.990566619397	11307	5.8630004	0.020000001	3141002.5	1.0570207951336088	36520	966	5403	11.498095016666667	2889	105.70207951336089	42.298373139494636
161_Staphylococcus_lugdunensis_DSM4804_DDA100_5330	1074	6325	1.2307561558536315	0.2364697711626847	68.32167161890156	26.598293875203684	87.81750215661842	7513	5.8630004	0.020000001	3155483.0	1.062982887403523	36482	981	5386	11.496909216666667	2421	106.29828874035229	44.36183395291202
162_Enterobacter_hormaechei_ssp_hormaechei_DSM12409_DDA100_4290	1644	9693	1.4229489912060045	0.0554374491499997	74.74747474747475	21.44020853698273	88.10035842293907	11357	5.8630004	0.020000001	821896.0	1.0877102475448872	39248	1028	5334	11.497242283333332	4670	108.77102475448872	35.203426124197
163_Klebsiella_pneumoniae_ssp_pneumonia_DSM30104_DDA100_4380	1574	8799	1.3571177462499002	0.1649285669637195	74.23179813462511	22.232665750849534	88.7137589472923	10299	5.8630004	0.020000001	994636.0	1.0864933176441274	41120	1030	5325	11.497976566666669	5728	108.64933176441274	27.47905027932961
164_Staphylococcus_lugdunensis_09-00515_DDA100_5424	1248	8807	1.3410706050969132	0.0	68.00727566693614	26.92670439234708	86.33791430881163	10677	5.8630004	0.020000001	2825452.0	1.0443417057806363	35489	967	5403	11.496972433333331	2421	104.43417057806363	51.548946716232955
165_Enterobacter_hormaechei_ssp_steigerwaltii_DSM16691_DDA100_4286	1600	9219	1.5219917663627642	0.0548881431785756	75.71343441700324	19.89670926306032	86.75097662716017	10899	5.8630004	0.020000001	1009598.0	1.063110473214502	40920	1033	5321	11.497905433333331	5338	106.3110473214502	29.973772948669914
167_Yersinia_enterocolitica_DSM11503_DDA100_6492	1715	10589	1.373841642965445	0.0	74.13272571916832	22.700085445741955	85.19510111079465	12810	5.8630004	0.020000001	1263507.0	1.0593616777021768	39850	1022	5352	11.496802533333332	4026	105.93616777021768	42.59811227024342
168_Klebsiella_oxytoca_DSM5175_DDA100_5360	1769	7941	1.5130154751197027	0.052844435227623	71.55172413793103	24.94706594071385	88.0520266182698	9566	5.8630004	0.020000001	990360.5	1.0816289766878546	40018	1020	5336	11.497866266666668	5789	108.16289766878546	30.557954741751598
169_Staphylococcus_epidermidis_DSM20044_DDA100_5392	1083	8277	1.3181258490908254	0.0	66.65756417258328	28.48170398689241	85.97078099399236	10304	5.8630004	0.020000001	2824259.0	1.0452764935871803	34110	968	5402	11.49807185	2492	104.52764935871804	43.45906902086678
173_Leclercia_adecarboxylata_DSM5077_DDA100_4348	1376	7268	1.3344266850832134	0.2065857679265579	71.72365908696406	23.91945842735636	89.42023954174623	8498	5.8630004	0.020000001	684426.5	1.1157420385906915	37495	1058	5299	11.498525233333334	5281	111.57420385906916	26.055671274379854
174_Legionella_pneumophila_ssp_fraseri_DSM7514_DDA100_4396	1395	7593	1.5066735085219538	0.0869914176305116	67.85430883986669	28.11458498651008	88.55737184573877	9326	5.8630004	0.018000001	4046711.5	1.0425030360173704	38962	982	5393	11.498520466666667	3072	104.25030360173704	45.41015625
178_Clostridium_perfringens_DSM628_DDA100_5250	1139	7858	1.4321526082907785	0.0929097976884396	78.25221238938053	19.66076696165192	86.51917404129793	9136	5.8630004	0.020000001	2911961.5	1.075499802973543	36407	974	5402	11.497753816666666	2721	107.5499802973543	41.859610437339214
180_Legionella_pneumophila_ssp_pascullei_DSM7515_DDA100_4424	1452	8780	1.3965757359530169	0.1623878022077596	70.155790078254	25.586905018307128	90.56644410941202	10441	5.8630004	0.020000001	1034231.0	1.0838770213644289	39122	1027	5327	11.497421816666668	3056	108.38770213644288	47.51308900523561
181_Prevotella_intermedia_DSM20706_DDA100_5268	818	3745	1.165587543055104	0.1967616056717713	84.49009809365168	14.19581713862669	91.65278548954284	4091	5.8630004	0.020000001	639531.0	1.152912385207484	31303	1046	5311	11.498083216666666	2335	115.29123852074841	35.03211991434689
182_Clostridioides_difficile_DSM12057_DDA100_5296	1375	8603	1.6180550081073497	0.0	73.26192666579051	23.64962544355369	85.10973846760416	10340	5.8630004	0.020000001	2520381.0	1.0717515915326603	37291	995	5369	11.49750285	3762	107.17515915326604	36.54970760233918
183_Prevotella_melaninogenica_DSM7089_DDA100_5302	1095	7114	1.3992554914033948	0.0762659785675192	76.3899049012436	21.680687637161668	89.88661302121433	8196	5.8630004	0.018000001	4045163.0	1.037021708816832	37499	951	5422	11.4976076	2446	103.7021708816832	44.76696647587899
184_Legionella_pneumophila_ssp_pneumophila_DSM7513_DDA100_4402	1657	11637	1.5142485985995502	0.0553149179058899	66.75103305785125	28.383264462809915	88.55888429752066	14368	5.8630004	0.018000001	1464663.0	1.0754072053257095	39612	1018	5340	11.49813675	2930	107.54072053257096	56.55290102389079
185_Prevotella_melaninogenica_DSM26980_DDA100_5282	1064	7261	1.3545577044968509	0.0946438490441965	77.09075119409466	20.807642205818496	90.51671732522796	8407	5.8630004	0.020000001	597050.0	1.1368888865839593	37088	1053	5295	11.49814305	2446	113.68888865839592	43.49959116925593
191_Salmonella_bongori_DSM13772_DDA100_5300	1636	9999	1.4292571073765643	0.0	68.1920740526468	27.613537749493783	88.25571304599363	12283	5.8630004	0.020000001	3487812.5	1.0490381067940766	38385	980	5386	11.496891033333332	4751	104.90381067940766	34.434855819827405
193_Salmonella_enterica_sv_enteritidis_DSM107295_DDA100_5290	1650	9955	1.5018587003275254	0.0	69.00283581225766	26.847618496440766	88.18218646912437	12249	5.8630004	0.020000001	1129404.0	1.0798646335060555	38802	1011	5348	11.497035616666668	4868	107.98646335060556	33.894823336072314
195_Salmonella_enterica_sv_paratyphi_167_DDA100_5298	1452	8913	1.4397558044861158	0.0736538887222593	73.43523520885492	22.94768744235077	89.3661879035446	10740	5.8630004	0.020000001	2885951.0	1.0617721734508696	39264	996	5368	11.497549683333334	4601	106.17721734508696	31.55835687893936
198_Acinetobacter_baumannii_DSM30007_DDA100_6502	1681	12019	1.3537376951589153	0.0	75.85140914008966	20.78417229120511	86.5680869699624	14282	5.8630004	0.020000001	2559305.0	1.0251561390186688	41672	991	5387	11.4980974	3765	102.51561390186687	44.64807436918991
199_Salmonella_enterica_sv_typhimurium_DSM17058_DDA100_5286	1543	9488	1.4051465512826158	0.0	74.0387080235837	22.79543706741861	89.93206870033325	11296	5.8630004	0.020000001	1492653.0	1.084493450112744	38219	1005	5354	11.4979424	4868	108.44934501127439	31.696795398520955
200_Leuconostoc_pseudomesenteroides_DSM20193_DDA100_4458	890	5664	1.3896402387693298	0.1883663493657248	69.40562881322575	26.81558748277898	88.79157646132651	6851	5.8630004	0.020000001	812380.5	1.1016016786330418	36040	1030	5322	11.4971084	2115	110.16016786330418	42.08037825059102
203_Serratia_ureilytica_RS2.1_DDA100_5276	1680	9231	1.482857310627177	0.0	70.01993355481727	26.205980066445186	89.80730897009967	11230	5.8630004	0.020000001	617587.0	1.09967875312327	39458	1032	5320	11.4966894	4899	109.967875312327	34.29271279853031
205_Serratia_bockelmannii_Wasserisolat04_DDA100_5294	1739	9540	1.4615324107366268	0.0	70.0839063781465	26.421045990789228	89.64103211153869	11590	5.8630004	0.020000001	2817592.0	1.0589423668375029	39278	991	5373	11.49748365	4899	105.8942366837503	35.49704021228822
206_Listeria_monocytogenes_DSM15675_DDA100_5316	1402	8724	1.498768425807345	0.0649410951796173	70.65406135442794	25.815164962377	88.58447488584474	10766	5.8630004	0.020000001	2123684.0	1.077599357314547	37518	998	5364	11.497648416666667	2844	107.7599357314547	49.29676511954993
208_Listeria_monocytogenes_DSM19094_DDA100_5314	1367	8596	1.502613894866679	0.0827027079554422	69.84335059317036	26.1519302615193	86.43901160123222	10651	5.8630004	0.020000001	3012799.5	1.0563031971568533	38037	976	5392	11.497234433333334	2844	105.63031971568533	48.06610407876231
209_Staphylococcus_haemolyticus_DSM20228_DDA100_5434	1080	7603	1.2598804373464956	0.0	65.539671734362	30.08849557522124	85.17510021934801	9335	5.8630004	0.018000001	2071981.5	1.0665342994054592	32456	978	5388	11.49676795	2640	106.65342994054592	40.909090909090914
210_Micrococcus_luteus_DSM20030_DDA100_4273	1350	9717	1.416552516143074	0.0	64.53774535966316	29.959082013876536	86.97740615548835	12199	5.8630004	0.020000001	3891225.0	1.0715049226307638	38694	988	5384	11.497225716666666	2207	107.15049226307639	61.169007702763935
212_Micrococcus_luteus_DSM14234_DDA100_4436	1164	7768	1.487704227441122	0.0508645071146448	64.25206124852768	30.69051825677268	88.64104829210837	9717	5.8630004	0.020000001	4736792.0	1.024847131191642	40445	961	5412	11.497233916666666	2207	102.48471311916421	52.74127775260534
213_Staphylococcus_saprophyticus_ssp_bovis_DSM18669_DDA100_5274	816	4307	1.1149131507741092	0.0795136879235644	73.5342384007161	21.67686110696703	89.18394748620021	4959	5.8630004	0.020000001	579171.0	1.1782868144473455	28819	1052	5309	11.49701265	2404	117.82868144473456	33.94342762063228
214_Moraxella_catarrhalis_DSM9143_DDA100_4366	1046	8272	1.4880639907197717	0.1124270320455266	69.03553299492386	26.25749884633133	88.96433515722856	10386	5.8630004	0.020000001	3714596.0	1.0576007369067375	39631	993	5377	11.496805883333334	2116	105.76007369067375	49.43289224952741
215_Staphylococcus_saprophyticus_DSM30626_DDA100_5280	866	4963	1.1323188627337748	0.123700801408012	71.58277896322329	23.634994351700765	87.54863813229572	5785	5.8630004	0.020000001	2119522.0	1.0886006896743463	32104	987	5376	11.49702075	2404	108.86006896743463	36.02329450915141
216_Moraxella_catarrhalis_DSM11994_DDA100_4362	966	6787	1.4091352723207882	0.1995136879189396	71.62232655190401	23.961050252130065	88.48026430186054	8197	5.8630004	0.020000001	2961043.0	1.0653713829500746	39329	999	5369	11.497333983333334	2116	106.53713829500747	45.65217391304348
218_Morganella_morganii_ssp_morganii_DSM30164_DDA100_4360	1530	10012	1.4850291188166085	0.0	66.78418679921396	28.71922321118946	87.63726736793434	12485	5.8630004	0.020000001	3304007.5	1.0506325859832604	37820	982	5385	11.496877733333331	3510	105.06325859832603	43.58974358974359
220_Morganella_morganii_ssp_morganii_DSM30117_DDA100_4358	1426	9298	1.5284822902517394	0.09328160572649	72.57168690260914	23.42417979850168	87.58072849392921	11212	5.8630004	0.020000001	995182.5	1.091473389063247	39020	1028	5333	11.497937916666666	3510	109.1473389063247	40.62678062678063
222_Morganella_morganii_ssp_sibonii_DSM14850_DDA100_4376	1365	7571	1.546879248460194	0.1250851830096295	72.08648817422527	24.190149090625244	88.26789477792522	9241	5.8630004	0.020000001	2706588.0	1.0670337574112945	39433	1003	5358	11.497041683333332	3510	106.70337574112945	38.88888888888889
224_Morganella_morganii_ssp_sibonii_DSM6675_DDA100_4354	1322	8612	1.459982606740545	0.0516282518054399	69.98277643816742	25.91112642094385	88.79779538408543	10541	5.8630004	0.020000001	3506377.0	1.0587560340144806	37537	987	5388	11.497996583333332	3510	105.87560340144806	37.66381766381766
225_Neisseria_gonorrhoeae_DSM9188_DDA100_4370	899	5146	1.3350748184629937	0.3724947400638579	74.1035383519354	23.023034908572782	89.69365946331038	6007	5.8630004	0.020000001	3791923.5	1.058669166138975	37817	980	5387	11.496988916666668	2106	105.86691661389752	42.687559354226025
226_Neisseria_gonorrhoeae_DSM9189_DDA100_4368	858	4950	1.352136540694956	0.3950352756625285	70.69570477918936	25.807622504537203	89.66727162734422	5831	5.8630004	0.020000001	2054100.0	1.0818691932512208	37366	1001	5368	11.498400299999998	2106	108.18691932512208	40.74074074074074
227_Neisseria_meningitidis_DSM10036_DDA100_4364	1000	6393	1.469858079690438	0.1495548798112178	73.22813098604396	23.606677004469574	88.46118763112287	7637	5.8630004	0.020000001	2073462.0	1.0774982914051137	37596	1004	5365	11.496871383333334	2001	107.74982914051137	49.97501249375313
228_Pantoea_agglomerans_DSM3493_DDA100_4374	1795	10714	1.480315000823106	0.0764133820310722	70.31984675219132	24.89696406803274	88.99982585476288	12865	5.8630004	0.020000001	3616258.0	1.069913361564992	39806	1007	5354	11.498272166666668	4972	106.9913361564992	36.10217216411907
229_Pantoea_agglomerans_DSM1619_DDA100_4386	1922	10077	1.6198537495159169	0.0688353022231369	68.40976771888029	27.40321620011912	87.8082191780822	12144	5.8630004	0.020000001	1882763.5	1.0689128567970287	40583	1020	5336	11.4980569	4972	106.89128567970288	38.656476267095734
230_Paracoccus_yeei_DSM30768_DDA100_4432	1806	11163	1.5491302273631495	0.0	67.82797132855475	28.1824748569206	88.51475245874313	13486	5.8630004	0.020000001	3892159.0	1.051234361356171	40833	985	5383	11.49860475	4275	105.1234361356171	42.24561403508772
232_Proteus_mirabilis_DSM4479_DDA100_4408	1437	8918	1.566024604036272	0.1478691409856476	73.06789999329713	22.903679871305048	87.80079093773041	10684	5.8630004	0.020000001	788462.0	1.0755646644772143	39731	1027	5328	11.497632633333334	3661	107.55646644772143	39.25157060912319
233_Proteus_mirabilis_DSM788_DDA100_4418	1621	9723	1.6566090556325213	0.0	69.17812225797016	26.580871599883004	86.94940040947645	12015	5.8630004	0.020000001	660773.5	1.0923948725898405	40099	1044	5306	11.498327183333334	3661	109.23948725898404	44.277519803332424
245_Stenotrophomonas_geniculata_Sm_51_DDA100_5406	1380	7947	1.3185351496418725	0.0569189477599035	68.35011496075478	28.15349242844684	89.64560374217078	9457	5.8630004	0.018000001	3897563.0	1.01660880775227	36208	936	5441	11.496864666666664	4026	101.66088077522699	34.277198211624444
246_Proteus_vulgaris_DSM13387_DDA100_4392	1657	10914	1.5551300311372378	0.0	67.38088970781784	28.21268754935509	86.71229270860754	13551	5.8630004	0.020000001	2216681.0	1.0590797266074454	38887	1001	5362	11.498247633333332	3963	105.90797266074455	41.81175876860964
247_Proteus_vulgaris_DSM2140_DDA100_4390	1284	7206	1.382685362667308	0.2409096407401318	73.18598097921803	22.68404367735118	89.6530468474815	8324	5.8630004	0.020000001	1175609.0	1.0798617188034485	38630	1015	5341	11.49695265	3963	107.98617188034486	32.3996971990916
248_Streptococcus_pyogenes_DSM20565_DDA100_5344	978	7843	1.4288848760156594	0.0871402968364499	70.80682959491128	25.37663207231336	87.85403414797456	9752	5.8630004	0.020000001	5437588.5	1.0225381060246233	36579	944	5431	11.497953866666668	1690	102.25381060246232	57.8698224852071
249_Streptococcus_agalactiae_DSM6784_DDA100_4298	938	6153	1.4368330148094497	0.1427360715599736	75.41193701940682	20.743317466129625	85.78359575247163	7240	5.8630004	0.020000001	5457064.0	1.034823506175766	38167	967	5401	11.498484083333333	2105	103.4823506175766	44.56057007125891
250_Providencia_rettgeri_DSM4542_DDA100_4334	1470	8509	1.4522152818016243	0.0848861485753769	70.80208556531676	25.891007785158205	89.0150703521177	10281	5.8630004	0.018000001	1026860.0	1.0937430990509098	37743	1025	5326	11.49666155	4250	109.37430990509098	34.588235294117645
251_Streptococcus_dysgalactiae_ssp_dysgalactiae_DSM20662_DDA100_4284	1029	7436	1.422838153049364	0.0	69.56963495173815	26.63473401553088	88.09783003120691	9278	5.8630004	0.020000001	3594961.5	1.0630556702513974	36478	992	5371	11.49777845	2191	106.30556702513974	46.96485623003195
252_Providencia_rettgeri_DSM1131_DDA100_4412	1572	9534	1.5441881006409155	0.0950073450178433	72.63137828048548	23.69574887208489	88.02185931244837	11402	5.8630004	0.020000001	790706.0	1.0835736042267616	40026	1031	5324	11.496754933333332	4250	108.35736042267617	36.98823529411765
253_Streptococcus_dysgalactiae_ssp_equisimilis_DSM6176_DDA100_4280	954	6368	1.3905191953944225	0.1575170275906825	76.02478972996902	20.973882248782648	89.94245241257194	7573	5.8630004	0.020000001	5024744.0	1.045934771207215	37984	978	5391	11.49779145	2195	104.59347712072149	43.4624145785877
254_Providencia_stuartii_DSM4539_DDA100_4314	1712	10914	1.540727395378511	0.0	69.54171951690289	26.603430210114155	88.74427838747036	13310	5.8630004	0.020000001	3106813.0	1.05147350518286	38651	991	5374	11.497809316666666	4220	105.147350518286	40.568720379146924
255_Streptococcus_dysgalactiae_ssp_equisimilis_DSM23147_DDA100_4288	1075	7644	1.561723189120007	0.0910498768113121	73.29846582984658	22.92887029288703	86.70153417015342	9412	5.8630004	0.020000001	3599326.5	1.0450198740842038	39257	998	5364	11.497048166666668	2195	104.50198740842038	48.9749430523918
256_Providencia_stuartii_DSM2250_DDA100_4414	1584	10000	1.4277802935368895	0.0975574778172587	71.35201724668924	24.79211579919926	89.79981521404373	11971	5.8630004	0.020000001	3554604.0	1.042592674377845	38111	971	5398	11.497217933333332	4220	104.2592674377845	37.535545023696685
258_Yersinia_enterocolitica_DSM4780_DDA100_5336	1690	10604	1.4591431577859044	0.053222723739948	68.11978562351511	27.603735012984146	87.4854964362672	13014	5.8630004	0.020000001	1866577.0	1.0757876338689438	37959	998	5362	11.49812165	4026	107.57876338689438	41.97714853452558
260_Yersinia_enterocolitica_DSM9676_DDA100_5414	1596	9560	1.4095403828759414	0.0	68.19208005369455	27.793031911648058	87.20483250961011	11720	5.8630004	0.020000001	3165020.5	1.056755963409609	37446	984	5381	11.496643033333331	4026	105.67559634096091	39.642324888226526
261_Streptococcus_pneumoniae_DSM11865_DDA100_4294	686	2814	1.0771054461985043	0.0936305195109799	96.44012944983818	0.0	97.680690399137	2815	5.8630004	0.020000001	667107.5	1.1374464503523318	28950	1048	5299	11.498447266666666	2109	113.74464503523318	32.527264106211476
262_Yersinia_pseudotuberculosis_DSM8992_DDA100_5332	1522	10152	1.4757505568348794	0.0	67.44763732851578	28.06413368712245	86.68774346525151	12520	5.8630004	0.020000001	895106.0	1.0823550669368742	37559	1011	5345	11.497250383333332	4016	108.23550669368743	37.89840637450199
263_Streptococcus_pyogenes_DSM2071_DDA100_4300	898	5871	1.3982396163230493	0.1556825290730636	73.1600495096639	23.307626392459294	90.22184137865372	7020	5.8630004	0.020000001	4605318.0	1.0315803980165787	36682	970	5398	11.498276683333334	1690	103.15803980165788	53.13609467455621
264_Pseudomonas_stutzeri_DSM5190_DDA100_4320	1648	9954	1.3989659457124346	0.0	68.94789958370127	27.765863504478368	90.77835246625456	12047	5.8630004	0.018000001	2405111.0	1.066076537060801	37483	999	5360	11.49764705	4092	106.6076537060801	40.27370478983382
265_Streptococcus_pyogenes_DSM2072_DDA100_4296	930	7093	1.505075490823931	0.0530229890713256	69.61829815400456	26.807383981760687	88.865190850923	8884	5.8630004	0.020000001	5763922.0	0.9864305405187268	35741	905	5485	11.4982578	1690	98.64305405187268	55.02958579881657
266_Pseudomonas_stutzeri_DSM13592_DDA100_4452	1479	6711	1.5363771867448546	0.0	68.49560865048635	28.17074322410048	89.47964869203891	8073	5.8630004	0.018000001	1420514.5	1.0717650742405025	40301	1016	5344	11.49763665	4092	107.17650742405024	36.14369501466276
267_Streptococcus_sanguinis_DSM20068_DDA100_4304	924	4534	1.2106775418059053	0.2967321760390528	76.0627952208947	21.380939149763822	91.78938594053903	5182	5.8630004	0.020000001	1780687.0	1.067169045706951	33963	1001	5357	11.496521383333334	2269	106.71690457069509	40.72278536800353
269_Streptococcus_sanguinis_DSM20567_DDA100_4302	969	5429	1.4147040389800314	0.3150085934344289	76.51967971128904	20.762377354234804	90.67328295928723	6259	5.8630004	0.020000001	3433208.0	1.054619114674427	38331	990	5375	11.498251683333333	2269	105.4619114674427	42.706037902159544
270_Shigella_boydii_DSM7532_DDA100_4324	1397	9027	1.451959437423393	0.0844698297050695	72.99738219895288	23.18717277486911	89.52879581151832	10859	5.8630004	0.020000001	1363405.0	1.0746397606418243	38435	1019	5338	11.498013316666666	4143	107.46397606418243	33.71952691286507
271_Vibrio_cholerae_DSM100200_DDA100_4306	1654	10199	1.4539700064748566	0.071854922611889	72.94874173004389	22.939467012922773	90.75001545786186	12135	5.8630004	0.018000001	1359693.0	1.0906203744193157	38679	1013	5347	11.497429033333333	3781	109.06203744193157	43.745040994445915
272_Shigella_dysenteriae_DSM103303_DDA100_4428	1298	8102	1.4232167885590632	0.0860175837144629	69.41848019978595	26.59293613985016	88.547984302533	9870	5.8630004	0.020000001	887956.0	1.0932424023168452	38521	1031	5325	11.497875433333332	3897	109.32424023168453	33.307672568642545
273_Vibrio_cholerae_DSM101014_DDA100_4388	1753	10934	1.538142054381502	0.0	68.93829905503057	26.78154530294608	88.32684824902724	13369	5.8630004	0.020000001	4724837.5	1.0431773356660214	41206	998	5366	11.497242983333331	3781	104.31773356660214	46.36339592700344
274_Shigella_flexneri_DSM4782_DDA100_4340	1500	9777	1.4924115263331623	0.0	67.24066999706142	28.022333235380547	87.42873934763445	12105	5.8630004	0.018000001	1289897.0	1.0808346529426998	37655	1015	5343	11.498486533333333	4103	108.08346529426997	36.55861564708749
275_Yersinia_pseudotuberculosis_DSM22972_DDA100_4422	1599	10021	1.5769260470383126	0.0	67.20684736091297	28.108416547788877	86.47646219686163	12428	5.8630004	0.020000001	1085040.0	1.073696460425597	39708	1025	5331	11.49790475	4016	107.3696460425597	39.81573705179283
277_Acinetobacter_baumannii_DSM24110_DDA100_6500	1428	9254	1.2936437088710664	0.1392575102880837	79.04146324692292	18.53125214880011	89.23193288867496	10692	5.8630004	0.020000001	4564396.0	0.998612092754552	40914	954	5433	11.498422966666668	3765	99.8612092754552	37.92828685258964
278_Shigella_sonnei_DSM25715_DDA100_4434	1484	8924	1.5701750840794624	0.0716447286925173	72.25760792639774	23.80492826352699	86.09020137682558	10805	5.8630004	0.020000001	812634.0	1.0692543973910338	41528	1033	5319	11.496772016666666	4068	106.92543973910338	36.47984267453294
280_Sphingomonas_paucimobilis_DSM30198_DDA100_4430	1880	11033	1.4769091582714928	0.0	71.08943995541934	25.405405405405407	88.21955976595152	13210	5.8630004	0.020000001	5416711.0	1.0362505658825034	41911	981	5385	11.497219366666666	4127	103.62505658825035	45.553670947419434
281_Staphylococcus_capitis_ssp_capitis_DSM20326_DDA100_4326	1002	6494	1.2989230781573475	0.1013618162740045	71.37559916794791	24.78068192095505	88.2879623767749	7807	5.8630004	0.020000001	3549167.5	1.0380400554076543	35881	948	5427	11.4970858	2537	103.80400554076543	39.49546708711076
282_Staphylococcus_capitis_ssp_urealyticus_DSM6717_DDA100_4406	1117	8053	1.2455437428994274	0.0513852539531189	62.23121141153928	32.793981974309844	84.0110708963168	9922	5.8630004	0.018000001	2679171.0	1.0303850070369007	32528	968	5404	11.497966516666668	2537	103.03850070369008	44.02837997635002
283_Staphylococcus_pasteuri_DSM10656_DDA100_4410	927	5306	1.4154281670205235	0.0902535139980041	66.37355652081787	29.00731009640852	84.65939188473355	6536	5.8630004	0.018000001	3395047.0	1.0566872659359814	37052	977	5390	11.497632183333334	2545	105.66872659359814	36.424361493123776
284_Staphylococcus_pasteuri_DSM10657_DDA100_4416	850	4343	1.1632981752310938	0.0874477652636139	63.77208601561431	32.14628133132448	86.48130393096835	5166	5.8630004	0.018000001	843081.0	1.080322402243235	29569	1022	5333	11.49694235	2545	108.03224022432349	33.39882121807465
