File.Name	Precursors.Identified	Proteins.Identified	Total.Quantity	MS1.Signal	MS2.Signal	FWHM.Scans	FWHM.RT	Median.Mass.Acc.MS1	Median.Mass.Acc.MS1.Corrected	Median.Mass.Acc.MS2	Median.Mass.Acc.MS2.Corrected	MS2.Mass.Instability	Normalisation.Instability	Median.RT.Prediction.Acc	Average.Peptide.Length	Average.Peptide.Charge	Average.Missed.Tryptic.Cleavages	Group	Filename	Subfolder	Root	Peptides.Identified	Organism	Taxonomic ID (NCBI)	Database	Proteome_ID	Strain_ID_Experiment	Strain_ID_UniProt	Total.Protein.Number.Ref	Protein.Identification.Rate
/Probe 1-96_100SPD_diaPASEF/BacLandscape_100SPD_diaPASEF_Achromobacter_xylosoxidans_subsp_xylosoxidans_22_1-15-2024_4091.d	20762	2559	1256380000.0	19667952042	566690077074	2.416	0.038	1.6929	1.59048	1.75778	1.69376	0	0	0.119909	14.074	2.395	0.152	100SPD_DIA	002_Achromobacter_xylosoxidans_ssp_xylosoxidans_DSM2402_DIA100_4091_report.stats.tsv	002_Achromobacter_xylosoxidans_ssp_xylosoxidans_DSM2402_DIA100_4091	Probe 1-96_100SPD_diaPASEF_diann_res	17486	Achromobacter xylosoxidans_ssp_xylosoxidans	85698	UniProt	UP000060602	DSM 2402	FDAARGOS_147	6134	41.71829149005543
/Probe 1-96_100SPD_diaPASEF/BacLandscape_100SPD_diaPASEF_Acinetobacter_lwoffii_40_1-16-2024_4127.d	19531	1712	1194070000.0	18922092432	500496673132	2.311	0.036	1.89482	1.56277	1.80246	1.78596	0	0	0.120463	14.639	2.485	0.198	100SPD_DIA	005_Acinetobacter_lwoffii_DSM2403_DIA100_4127_report.stats.tsv	005_Acinetobacter_lwoffii_DSM2403_DIA100_4127	Probe 1-96_100SPD_diaPASEF_diann_res	15879	Acinetobacter lwoffii	28090	UniProt	UP000293391	DSM 2403	AL_065	3273	52.30675221509319
/Probe 1-96_100SPD_diaPASEF/BacLandscape_100SPD_diaPASEF_Acinetobacter_pittii_25_1-15-2024_4097.d	22673	2066	1009580000.0	16174142351	392003525604	2.301	0.036	1.58284	1.41112	1.86904	1.79939	0	0	0.125925	14.296	2.454	0.166	100SPD_DIA	007_Acinetobacter_pittii_DSM9312_DIA100_4097_report.stats.tsv	007_Acinetobacter_pittii_DSM9312_DIA100_4097	Probe 1-96_100SPD_diaPASEF_diann_res	18652	Acinetobacter pittii	48296	UniProt	UP000271320	DSM 9312(T)	TG41884	4014	51.469855505729946
/Probe 1-96_100SPD_diaPASEF/BacLandscape_100SPD_diaPASEF_Acinetobacter_pittii_58_1-16-2024_4163.d	22533	2077	1488530000.0	22920686092	717155923208	2.273	0.035	2.59134	1.59296	1.85218	1.75304	0	0	0.123359	14.705	2.472	0.204	100SPD_DIA	008_Acinetobacter_pittii_DSM9318_DIA100_4163_report.stats.tsv	008_Acinetobacter_pittii_DSM9318_DIA100_4163	Probe 1-96_100SPD_diaPASEF_diann_res	18052	Acinetobacter pittii	48296	UniProt	UP000271320	DSM 9318	TG41884	4014	51.743896362730446
/Probe 1-96_100SPD_diaPASEF/BacLandscape_100SPD_diaPASEF_Aeromonas_hydrophila_subsp_hydrophila_33_1-16-2024_4113.d	32575	2776	1671820000.0	20534690701	604649188736	2.288	0.036	2.01101	1.55412	1.70415	1.76899	0	0	0.119246	14.715	2.465	0.179	100SPD_DIA	011_Aeromonas_hydrophila_ssp_hydrophila_DSM30187_DIA100_4113_report.stats.tsv	011_Aeromonas_hydrophila_ssp_hydrophila_DSM30187_DIA100_4113	Probe 1-96_100SPD_diaPASEF_diann_res	26793	Aeromonas hydrophila_ssp_hydrophila	196023	UniProt	UP000000756	DSM 30187(T)	DSM 30187	4121	67.36229070613928
/Probe 1-96_100SPD_diaPASEF/BacLandscape_100SPD_diaPASEF_Aeromonas_hydrophila_subsp_ranae_23_1-15-2024_4093.d	26048	2423	1421420000.0	20390296098	614691356644	2.233	0.035	1.9493	1.58156	1.86525	1.73319	0	0	0.120336	14.453	2.442	0.161	100SPD_DIA	012_Aeromonas_hydrophila_ssp_ranae_DSM17695_DIA100_4093_report.stats.tsv	012_Aeromonas_hydrophila_ssp_ranae_DSM17695_DIA100_4093	Probe 1-96_100SPD_diaPASEF_diann_res	21472	Aeromonas hydrophila_ssp_ranae	208958	UniProt	UP000000756	DSM 17695(T)	DSM 30187	4121	58.79640863867993
/Probe 1-96_100SPD_diaPASEF/BacLandscape_100SPD_diaPASEF_Aeromonas_veronii_38_1-16-2024_4123.d	23909	2294	1569160000.0	23036531232	774097389340	2.264	0.035	2.24131	1.6207	1.73955	1.72686	0	0	0.11129	14.623	2.448	0.198	100SPD_DIA	013_Aeromonas_veronii_DSM7386_DIA100_4123_report.stats.tsv	013_Aeromonas_veronii_DSM7386_DIA100_4123	Probe 1-96_100SPD_diaPASEF_diann_res	19457	Aeromonas veronii	654	UniProt	UP000006087	DSM 7386	AMC34	4109	55.82866877585787
/Probe 1-96_100SPD_diaPASEF/BacLandscape_100SPD_diaPASEF_Alcaligenes_faecalis_subsp_faecalis_21_1-15-2024_4089.d	21900	2114	1261430000.0	19415796687	564585763062	2.346	0.037	1.68471	1.64662	1.87607	1.73291	0	0	0.107356	14.337	2.438	0.16	100SPD_DIA	021_Alcaligenes_faecalis_ssp_faecalis_DSM30030_DIA100_4089_report.stats.tsv	021_Alcaligenes_faecalis_ssp_faecalis_DSM30030_DIA100_4089	Probe 1-96_100SPD_diaPASEF_diann_res	17890	Alcaligenes faecalis_ssp_faecalis	32001	UniProt	UP000830925	DSM 30030(T)	D334	3770	56.07427055702918
/Probe 1-96_100SPD_diaPASEF/BacLandscape_100SPD_diaPASEF_Alcaligenes_faecalis_subsp_parafaecalis_43_1-16-2024_4133.d	17196	1854	1160080000.0	19950945173	573010006944	2.355	0.037	2.12746	1.63597	1.57187	1.53562	0	0	0.110264	14.261	2.434	0.17	100SPD_DIA	022_Alcaligenes_faecalis_ssp_parafaecalis_DSM13975_DIA100_4133_report.stats.tsv	022_Alcaligenes_faecalis_ssp_parafaecalis_DSM13975_DIA100_4133	Probe 1-96_100SPD_diaPASEF_diann_res	14150	Alcaligenes faecalis_ssp_parafaecalis	171260	UniProt	UP000830925	DSM 13975(T)	D334	3770	49.17771883289125
/Probe 1-96_100SPD_diaPASEF/BacLandscape_100SPD_diaPASEF_Bacteroides_fragilis__31_1-16-2024_4109.d	24105	1937	1236260000.0	18241255907	478837269374	2.272	0.035	1.67613	1.51239	1.84279	1.82269	0	0	0.116345	13.935	2.407	0.2	100SPD_DIA	064_Bacteroides_fragilis_DSM2151_DIA100_4109_report.stats.tsv	064_Bacteroides_fragilis_DSM2151_DIA100_4109	Probe 1-96_100SPD_diaPASEF_diann_res	20246	Bacteroides fragilis	817	UniProt	UP000003917	DSM 2151	CL05T12C13	4409	43.93286459514629
/Probe 1-96_100SPD_diaPASEF/BacLandscape_100SPD_diaPASEF_Bordetella_pertussis_88_1-17-2024_4223.d	22285	1856	1200970000.0	18256480545	493319539178	2.309	0.036	2.1341	1.38528	1.71523	1.71924	0	0	0.135479	14.785	2.479	0.206	100SPD_DIA	066_Bordetella_pertussis_DSM5571_DIA100_4223_report.stats.tsv	066_Bordetella_pertussis_DSM5571_DIA100_4223	Probe 1-96_100SPD_diaPASEF_diann_res	18049	Bordetella pertussis	520	UniProt	UP000002676	DSM 5571(T)	NCTC 13251	3258	56.96746470227133
/Probe 1-96_100SPD_diaPASEF/BacLandscape_100SPD_diaPASEF_Brevundimonas_diminuta_92_1-17-2024_4231.d	16674	1804	1172640000.0	20098048223	592630601722	2.296	0.036	2.34131	1.45884	1.62203	1.56421	0	0	0.112548	14.458	2.443	0.192	100SPD_DIA	070_Brevundimonas_diminuta_DSM7234_DIA100_4231_report.stats.tsv	070_Brevundimonas_diminuta_DSM7234_DIA100_4231	Probe 1-96_100SPD_diaPASEF_diann_res	13746	Brevundimonas diminuta	293	UniProt	UP000195766	DSM 7234(T)	3F5N	3128	57.672634271099746
/Probe 1-96_100SPD_diaPASEF/BacLandscape_100SPD_diaPASEF_Brevundimonas_diminuta_87_1-17-2024_4221.d	17300	1862	1214070000.0	21052466900	638194701944	2.382	0.037	2.27395	1.42407	1.70401	1.64592	0	0	0.117452	14.488	2.432	0.193	100SPD_DIA	072_Brevundimonas_diminuta_DSM1635_DIA100_4221_report.stats.tsv	072_Brevundimonas_diminuta_DSM1635_DIA100_4221	Probe 1-96_100SPD_diaPASEF_diann_res	14275	Brevundimonas diminuta	293	UniProt	UP000195766	DSM 1635	3F5N	3128	59.526854219948845
/Probe 1-96_100SPD_diaPASEF/BacLandscape_100SPD_diaPASEF_Brevundimonas_vesicularis_90_1-17-2024_4227.d	26333	2213	1577700000.0	19858490709	594018440912	2.347	0.037	2.26183	1.49442	1.75299	1.65465	0	0	0.118735	14.878	2.455	0.201	100SPD_DIA	076_Brevundimonas_vesicularis_DSM7226_DIA100_4227_report.stats.tsv	076_Brevundimonas_vesicularis_DSM7226_DIA100_4227	Probe 1-96_100SPD_diaPASEF_diann_res	21546	Brevundimonas vesicularis	41276	UniProt	UP000197050	DSM 7226(T)	FDAARGOS_289	3269	67.69654328540838
/Probe 1-96_100SPD_diaPASEF/BacLandscape_100SPD_diaPASEF_Brevundimonas_vesicularis_94_1-17-2024_4235.d	20002	1867	1435390000.0	21611656257	671198547856	2.275	0.035	2.56035	1.62938	1.6659	1.58793	0	0	0.130225	14.628	2.437	0.211	100SPD_DIA	078_Brevundimonas_vesicularis_DSM108136_DIA100_4235_report.stats.tsv	078_Brevundimonas_vesicularis_DSM108136_DIA100_4235	Probe 1-96_100SPD_diaPASEF_diann_res	16345	Brevundimonas vesicularis	41276	UniProt	UP000197050	DSM 108136	FDAARGOS_289	3269	57.11226674824105
/Probe 1-96_100SPD_diaPASEF/BacLandscape_100SPD_diaPASEF_Klebsiella_quasipneumoniae_subsp_similipneumoniae_53_1-16-2024_4153.d	26959	2642	1629600000.0	22421887717	704601349136	2.241	0.035	2.53555	1.69158	1.74838	1.66701	0	0	0.113848	14.814	2.463	0.191	100SPD_DIA	098_Klebsiella_quasipneumoniae_ssp_similipneumoniae_DSM28212_DIA100_4153_report.stats.tsv	098_Klebsiella_quasipneumoniae_ssp_similipneumoniae_DSM28212_DIA100_4153	Probe 1-96_100SPD_diaPASEF_diann_res	22036	Klebsiella quasipneumoniae_ssp_similipneumoniae	1667327	UniProt	UP001058353	DSM 28212(T)	KAM644	5913	44.68121089125655
/Probe 1-96_100SPD_diaPASEF/BacLandscape_100SPD_diaPASEF_Stenotrophomonas_maltophilia___28_1-16-2024_4103.d	20080	2182	1117910000.0	18588775037	507747342894	2.349	0.037	1.70971	1.54494	1.5318	1.53219	0	0	0.103609	14.164	2.422	0.16	100SPD_DIA	100_Stenotrophomonas_maltophilia_DSM50170_DIA100_4103_report.stats.tsv	100_Stenotrophomonas_maltophilia_DSM50170_DIA100_4103	Probe 1-96_100SPD_diaPASEF_diann_res	16834	Stenotrophomonas maltophilia	40324	UniProt	UP000001867	DSM 50170(T)	R551-3	4026	54.19771485345256
/Probe 1-96_100SPD_diaPASEF/BacLandscape_100SPD_diaPASEF_Klebsiella_quasipneumoniae_subsp_quasipneumoniae_59_1-16-2024_4165.d	29242	2806	1745680000.0	23865643763	796591439102	2.271	0.035	2.50999	1.75603	1.79866	1.6964	0	0	0.119358	14.988	2.471	0.201	100SPD_DIA	107_Klebsiella_quasipneumoniae_ssp_quasipneumoniae_DSM28211_DIA100_4165_report.stats.tsv	107_Klebsiella_quasipneumoniae_ssp_quasipneumoniae_DSM28211_DIA100_4165	Probe 1-96_100SPD_diaPASEF_diann_res	23770	Klebsiella quasipneumoniae_ssp_quasipneumoniae	1667327	UniProt	UP001058353	DSM 28211(T)	KAM644	5913	47.454760696769824
/Probe 1-96_100SPD_diaPASEF/BacLandscape_100SPD_diaPASEF_Enterococcus_faecium__8_1-15-2024_4063.d	16723	1485	1199800000.0	18849421134	537187218460	2.287	0.036	1.52149	1.46127	2.16261	1.6127	0	0	0.106171	14.035	2.435	0.233	100SPD_DIA	111_Enterococcus_faecium_DSM20477_DIA100_4063_report.stats.tsv	111_Enterococcus_faecium_DSM20477_DIA100_4063	Probe 1-96_100SPD_diaPASEF_diann_res	13717	Enterococcus faecium	1352	UniProt	UP000010553	DSM 20477(T)	E1590	2877	51.6162669447341
/Probe 1-96_100SPD_diaPASEF/BacLandscape_100SPD_diaPASEF_Citrobacter_amalonaticus_35_1-16-2024_4117.d	15326	1948	989019000.0	20001382947	572895059052	2.335	0.036	1.7942	1.46612	1.6143	1.61437	0	0	0.121986	14.051	2.425	0.171	100SPD_DIA	116_Citrobacter_amalonaticus_DSM4593_DIA100_4117_report.stats.tsv	116_Citrobacter_amalonaticus_DSM4593_DIA100_4117	Probe 1-96_100SPD_diaPASEF_diann_res	12763	Citrobacter amalonaticus	35703	UniProt	UP000237003	DSM  4593(T)	S1285	5139	37.90620743335279
/Probe 1-96_100SPD_diaPASEF/BacLandscape_100SPD_diaPASEF_Citrobacter_amalonaticus_45_1-16-2024_4137.d	13273	1668	798600000.0	18075952431	471177873296	2.305	0.036	2.13385	1.61613	1.65989	1.65245	0	0	0.111566	14.019	2.43	0.176	100SPD_DIA	117_Citrobacter_amalonaticus_DSM17342_DIA100_4137_report.stats.tsv	117_Citrobacter_amalonaticus_DSM17342_DIA100_4137	Probe 1-96_100SPD_diaPASEF_diann_res	11028	Citrobacter amalonaticus	35703	UniProt	UP000237003	DSM 17342	S1285	5139	32.457676590776416
/Probe 1-96_100SPD_diaPASEF/BacLandscape_100SPD_diaPASEF_Citrobacter_freundii_67_1-16-2024_4181.d	12454	1657	922282000.0	21276809693	641024689820	2.321	0.036	2.28604	1.51668	1.64411	1.59449	0	0	0.124403	14.004	2.417	0.188	100SPD_DIA	120_Citrobacter_freundii_DSM14984_DIA100_4181_report.stats.tsv	120_Citrobacter_freundii_DSM14984_DIA100_4181	Probe 1-96_100SPD_diaPASEF_diann_res	10305	Citrobacter freundii	546	UniProt	UP000001889	DSM 14984	ICC168	4792	34.57846410684474
/Probe 1-96_100SPD_diaPASEF/BacLandscape_100SPD_diaPASEF_Citrobacter_freundii_69_1-16-2024_4185.d	11768	1547	878243000.0	21189129694	642940380402	2.295	0.036	2.09917	1.5451	1.78273	1.78284	0	0	0.121083	14.041	2.424	0.201	100SPD_DIA	123_Citrobacter_freundii_DSM24120_DIA100_4185_report.stats.tsv	123_Citrobacter_freundii_DSM24120_DIA100_4185	Probe 1-96_100SPD_diaPASEF_diann_res	9684	Citrobacter freundii	546	UniProt	UP000001889	DSM 24120	ICC168	4792	32.28297161936561
/Probe 1-96_100SPD_diaPASEF/BacLandscape_100SPD_diaPASEF_Citrobacter_koseri_80_1-16-2024_4207.d	25961	2427	1445500000.0	20016415208	563612230984	2.302	0.036	1.8523	1.42875	1.67423	1.66215	0	0	0.117431	14.677	2.467	0.187	100SPD_DIA	126_Citrobacter_koseri_DSM4570_DIA100_4207_report.stats.tsv	126_Citrobacter_koseri_DSM4570_DIA100_4207	Probe 1-96_100SPD_diaPASEF_diann_res	21370	Citrobacter koseri	545	UniProt	UP000008148	DSM 4570	ATCC BAA-895	5019	48.35624626419606
/Probe 1-96_100SPD_diaPASEF/BacLandscape_100SPD_diaPASEF_Citrobacter_koseri_64_1-16-2024_4175.d	26428	2438	1414360000.0	19634895771	547614315276	2.316	0.036	1.97757	1.41929	1.72852	1.68982	0	0	0.125494	14.68	2.467	0.195	100SPD_DIA	129_Citrobacter_koseri_DSM4596_DIA100_4175_report.stats.tsv	129_Citrobacter_koseri_DSM4596_DIA100_4175	Probe 1-96_100SPD_diaPASEF_diann_res	21809	Citrobacter koseri	545	UniProt	UP000008148	DSM 4596	ATCC BAA-895	5019	48.57541342896992
/Probe 1-96_100SPD_diaPASEF/BacLandscape_100SPD_diaPASEF_Escherichia_coli__5_1-15-2024_4057.d	24711	2140	1608510000.0	20594764297	631736416194	2.339	0.036	1.72427	1.609	1.80216	1.628	0	0	0.109644	14.403	2.445	0.186	100SPD_DIA	130_Escherichia_coli_DSM30083_DIA100_4057_report.stats.tsv	130_Escherichia_coli_DSM30083_DIA100_4057	Probe 1-96_100SPD_diaPASEF_diann_res	20302	Escherichia coli	562	UniProt	UP000008205	DSM 30083(T)	E2348/69 / EPEC	4594	46.58249891162386
/Probe 1-96_100SPD_diaPASEF/BacLandscape_100SPD_diaPASEF_Corynebacterium_diphtheriae_66_1-16-2024_4179.d	18387	1481	1215260000.0	19105883560	535141683054	2.257	0.035	2.02693	1.62611	1.70713	1.68321	0	0	0.120401	14.975	2.501	0.202	100SPD_DIA	132_Corynebacterium_diphtheriae_DSM43988_DIA100_4179_report.stats.tsv	132_Corynebacterium_diphtheriae_DSM43988_DIA100_4179	Probe 1-96_100SPD_diaPASEF_diann_res	14669	Corynebacterium diphtheriae	1717	UniProt	UP000002198	DSM 43988	ATCC 700971	2265	65.38631346578366
/Probe 1-96_100SPD_diaPASEF/BacLandscape_100SPD_diaPASEF_Haemophilus_influenzae__56_1-16-2024_4159.d	15709	1234	1188230000.0	19680699017	546381248532	2.233	0.035	2.30492	1.4356	1.74497	1.7029	0	0	0.128898	14.31	2.465	0.248	100SPD_DIA	133_Haemophilus_influenzae_DSM4690_DIA100_4159_report.stats.tsv	133_Haemophilus_influenzae_DSM4690_DIA100_4159	Probe 1-96_100SPD_diaPASEF_diann_res	12590	Haemophilus influenzae	727	UniProt	UP000000579	DSM 4690(T)	ATCC 51907	1704	72.41784037558685
/Probe 1-96_100SPD_diaPASEF/BacLandscape_100SPD_diaPASEF_Haemophilus_influenzae__95_1-17-2024_4237.d	13153	1185	1007580000.0	19729358526	563209876028	2.277	0.035	2.41491	1.48032	1.68593	1.53729	0	0	0.124643	14.188	2.455	0.231	100SPD_DIA	135_Haemophilus_influenzae_DSM10000_DIA100_4237_report.stats.tsv	135_Haemophilus_influenzae_DSM10000_DIA100_4237	Probe 1-96_100SPD_diaPASEF_diann_res	10616	Haemophilus influenzae	727	UniProt	UP000000579	DSM 10000	ATCC 51907	1704	69.54225352112677
/Probe 1-96_100SPD_diaPASEF/BacLandscape_100SPD_diaPASEF_Corynebacterium_diphtheriae_subsp_diphtheriae_32_1-16-2024_4111.d	17932	1492	1129320000.0	18049801140	481432179884	2.282	0.035	1.7322	1.40969	1.69854	1.70129	0	0	0.118713	14.842	2.491	0.195	100SPD_DIA	138_Corynebacterium_diphtheriae_ssp_diphtheriae_DSM44123_DIA100_4111_report.stats.tsv	138_Corynebacterium_diphtheriae_ssp_diphtheriae_DSM44123_DIA100_4111	Probe 1-96_100SPD_diaPASEF_diann_res	14469	Corynebacterium diphtheriae_ssp_diphtheriae	2315257	UniProt	UP000002198	DSM 44123(T)	ATCC 700971	2265	65.8719646799117
/Probe 1-96_100SPD_diaPASEF/BacLandscape_100SPD_diaPASEF_Haemophilus_influenzae__91_1-17-2024_4229.d	15852	1241	1146890000.0	18213552038	484440581172	2.24	0.035	2.11579	1.40524	1.69443	1.66261	0	0	0.124837	14.226	2.46	0.216	100SPD_DIA	139_Haemophilus_influenzae_DSM10001_DIA100_4229_report.stats.tsv	139_Haemophilus_influenzae_DSM10001_DIA100_4229	Probe 1-96_100SPD_diaPASEF_diann_res	12733	Haemophilus influenzae	727	UniProt	UP000000579	DSM 10001	ATCC 51907	1704	72.82863849765259
/Probe 1-96_100SPD_diaPASEF/BacLandscape_100SPD_diaPASEF_Corynebacterium_pseudotuberculosis__39_1-16-2024_4125.d	22206	1634	1448010000.0	19411712136	546329657920	2.309	0.036	2.02106	1.62934	1.75301	1.76443	0	0	0.118048	15.049	2.498	0.201	100SPD_DIA	141_Corynebacterium_pseudotuberculosis_DSM20689_DIA100_4125_report.stats.tsv	141_Corynebacterium_pseudotuberculosis_DSM20689_DIA100_4125	Probe 1-96_100SPD_diaPASEF_diann_res	17568	Corynebacterium pseudotuberculosis	1719	UniProt	UP000000276	DSM 20689(T)	C231	2001	81.6591704147926
/Probe 1-96_100SPD_diaPASEF/BacLandscape_100SPD_diaPASEF_Klebsiella_aerogenes__42_1-16-2024_4131.d	31532	2860	1572100000.0	20323029307	592494265976	2.304	0.036	2.17711	1.72056	1.72641	1.71091	0	0	0.118378	14.786	2.474	0.19	100SPD_DIA	142_Klebsiella_aerogenes_DSM30053_DIA100_4131_report.stats.tsv	142_Klebsiella_aerogenes_DSM30053_DIA100_4131	Probe 1-96_100SPD_diaPASEF_diann_res	26016	Klebsiella aerogenes	548	UniProt	UP000008881	DSM 30053(T)	DSM 30053	4909	58.26033815441026
/Probe 1-96_100SPD_diaPASEF/BacLandscape_100SPD_diaPASEF_Corynebacterium_pseudotuberculosis__89_1-17-2024_4225.d	19701	1555	1285500000.0	18511483104	514119474948	2.248	0.035	2.0035	1.33331	1.70143	1.68019	0	0	0.113277	14.918	2.507	0.206	100SPD_DIA	144_Corynebacterium_pseudotuberculosis_DSM7177_DIA100_4225_report.stats.tsv	144_Corynebacterium_pseudotuberculosis_DSM7177_DIA100_4225	Probe 1-96_100SPD_diaPASEF_diann_res	15632	Corynebacterium pseudotuberculosis	1719	UniProt	UP000000276	DSM 7177	C231	2001	77.71114442778611
/Probe 1-96_100SPD_diaPASEF/BacLandscape_100SPD_diaPASEF_Corynebacterium_pseudotuberculosis__86_1-17-2024_4219.d	19386	1551	1594300000.0	21367084178	647230831392	2.358	0.037	2.44491	1.59042	1.76456	1.71279	0	0	0.114375	14.97	2.489	0.211	100SPD_DIA	147_Corynebacterium_pseudotuberculosis_DSM7178_DIA100_4219_report.stats.tsv	147_Corynebacterium_pseudotuberculosis_DSM7178_DIA100_4219	Probe 1-96_100SPD_diaPASEF_diann_res	15242	Corynebacterium pseudotuberculosis	1719	UniProt	UP000000276	DSM 7178	C231	2001	77.5112443778111
/Probe 1-96_100SPD_diaPASEF/BacLandscape_100SPD_diaPASEF_Corynebacterium_ulcerans___36_1-16-2024_4119.d	20700	1666	1266540000.0	17935685175	476930412916	2.304	0.036	1.7876	1.51892	1.64379	1.61624	0	0	0.125707	14.87	2.488	0.19	100SPD_DIA	150_Corynebacterium_ulcerans_DSM46325_DIA100_4119_report.stats.tsv	150_Corynebacterium_ulcerans_DSM46325_DIA100_4119	Probe 1-96_100SPD_diaPASEF_diann_res	16651	Corynebacterium ulcerans	65058	UniProt	UP000008886	DSM 46325(T)	809	2180	76.42201834862385
/Probe 1-96_100SPD_diaPASEF/BacLandscape_100SPD_diaPASEF_Enterobacter_cloacae_subsp_cloacae_3_1-15-2024_4053.d	28502	2582	1627450000.0	20904850222	648778982864	2.34	0.036	1.73236	1.6145	1.91054	1.6742	0	0	0.122591	14.467	2.441	0.172	100SPD_DIA	153_Enterobacter_cloacae_ssp_cloacae_DSM30054_DIA100_4053_report.stats.tsv	153_Enterobacter_cloacae_ssp_cloacae_DSM30054_DIA100_4053	Probe 1-96_100SPD_diaPASEF_diann_res	23575	Enterobacter cloacae_ssp_cloacae	336306	UniProt	UP000053081	DSM 30054(T)	SMART_1094	5177	49.87444465906896
/Probe 1-96_100SPD_diaPASEF/BacLandscape_100SPD_diaPASEF_Enterobacter_hormaechei_subsp_hoffmannii_13_1-15-2024_4073.d	27824	2367	1803620000.0	22812728925	771489173184	2.327	0.036	2.04605	1.75198	1.84864	1.61357	0	0	0.117625	14.554	2.458	0.215	100SPD_DIA	159_Enterobacter_hormaechei_ssp_hoffmannii_DSM14563_DIA100_4073_report.stats.tsv	159_Enterobacter_hormaechei_ssp_hoffmannii_DSM14563_DIA100_4073	Probe 1-96_100SPD_diaPASEF_diann_res	22629	Enterobacter hormaechei_ssp_hoffmannii	1812934	UniProt	UP000742934	DSM 14563(T)	90086	4641	51.00193923723335
/Probe 1-96_100SPD_diaPASEF/BacLandscape_100SPD_diaPASEF_Enterobacter_hormaechei_subsp_hormaechei_12_1-15-2024_4071.d	28639	2510	1599940000.0	20422786784	628177495608	2.326	0.036	1.7278	1.61344	2.10694	1.7828	0	0	0.132229	14.547	2.455	0.202	100SPD_DIA	162_Enterobacter_hormaechei_ssp_hormaechei_DSM12409_DIA100_4071_report.stats.tsv	162_Enterobacter_hormaechei_ssp_hormaechei_DSM12409_DIA100_4071	Probe 1-96_100SPD_diaPASEF_diann_res	23638	Enterobacter hormaechei_ssp_hormaechei	301105	UniProt	UP000002984	DSM 12409(T)	ATCC 49162	4670	53.747323340471084
/Probe 1-96_100SPD_diaPASEF/BacLandscape_100SPD_diaPASEF_Klebsiella_pneumoniae_subsp_pneumonia_57_1-16-2024_4161.d	28133	2708	1516570000.0	21070412365	629647839544	2.232	0.035	2.28752	1.57875	1.72496	1.72004	0	0	0.124723	14.886	2.477	0.2	100SPD_DIA	163_Klebsiella_pneumoniae_ssp_pneumonia_DSM30104_DIA100_4161_report.stats.tsv	163_Klebsiella_pneumoniae_ssp_pneumonia_DSM30104_DIA100_4161	Probe 1-96_100SPD_diaPASEF_diann_res	23046	Klebsiella pneumoniae_ssp_pneumonia	72407	UniProt	UP000007841	DSM 30104(T)	HS11286	5728	47.27653631284916
/Probe 1-96_100SPD_diaPASEF/BacLandscape_100SPD_diaPASEF_Enterobacter_hormaechei_subsp_steigerwaltii_10_1-15-2024_4067.d	26436	2317	1664810000.0	22163769507	725531711524	2.279	0.035	1.7762	1.62124	1.82991	1.57309	0	0	0.1034	14.493	2.454	0.201	100SPD_DIA	165_Enterobacter_hormaechei_ssp_steigerwaltii_DSM16691_DIA100_4067_report.stats.tsv	165_Enterobacter_hormaechei_ssp_steigerwaltii_DSM16691_DIA100_4067	Probe 1-96_100SPD_diaPASEF_diann_res	21729	Enterobacter hormaechei_ssp_steigerwaltii	299766	UniProt	UP001182277	DSM 16691(T)	PEER 323	5338	43.40576995129262
/Probe 1-96_100SPD_diaPASEF/BacLandscape_100SPD_diaPASEF_Leclercia_adecarboxylata___41_1-16-2024_4129.d	25704	2471	1266850000.0	18137631194	473433491076	2.237	0.035	1.96058	1.50384	1.86279	1.75428	0	0	0.120977	14.652	2.467	0.181	100SPD_DIA	173_Leclercia_adecarboxylata_DSM5077_DIA100_4129_report.stats.tsv	173_Leclercia_adecarboxylata_DSM5077_DIA100_4129	Probe 1-96_100SPD_diaPASEF_diann_res	21399	Leclercia adecarboxylata	83655	UniProt	UP001149314	DSM 5077(T)	Lac40	5281	46.790380609733006
/Probe 1-96_100SPD_diaPASEF/BacLandscape_100SPD_diaPASEF_Legionella_pneumophila_subsp_fraseri_65_1-16-2024_4177.d	16864	1794	967986000.0	18048837336	458627314710	2.301	0.036	1.75502	1.48333	1.74071	1.71727	0	0	0.119732	13.976	2.445	0.198	100SPD_DIA	174_Legionella_pneumophila_ssp_fraseri_DSM7514_DIA100_4177_report.stats.tsv	174_Legionella_pneumophila_ssp_fraseri_DSM7514_DIA100_4177	Probe 1-96_100SPD_diaPASEF_diann_res	13808	Legionella pneumophila_ssp_fraseri	91892	UniProt	UP000254631	DSM 7514(T)	NCTC12000	3072	58.3984375
/Probe 1-96_100SPD_diaPASEF/BacLandscape_100SPD_diaPASEF_Legionella_pneumophila_subsp_pascullei_79_1-16-2024_4205.d	26649	2194	1189050000.0	17897377220	449513806618	2.245	0.035	1.71842	1.47736	1.84855	1.8506	0	0	0.124137	14.395	2.478	0.199	100SPD_DIA	180_Legionella_pneumophila_ssp_pascullei_DSM7515_DIA100_4205_report.stats.tsv	180_Legionella_pneumophila_ssp_pascullei_DSM7515_DIA100_4205	Probe 1-96_100SPD_diaPASEF_diann_res	21801	Legionella pneumophila_ssp_pascullei	91890	UniProt	UP000249566	DSM 7515(T)	NCTC12272	3056	71.79319371727748
/Probe 1-96_100SPD_diaPASEF/BacLandscape_100SPD_diaPASEF_Legionella_pneumophila_subsp_pneumophila_68_1-16-2024_4183.d	27800	2191	1385220000.0	19420333133	526064486760	2.284	0.036	1.83473	1.47784	1.80731	1.8048	0	0	0.125417	14.516	2.482	0.214	100SPD_DIA	184_Legionella_pneumophila_ssp_pneumophila_DSM7513_DIA100_4183_report.stats.tsv	184_Legionella_pneumophila_ssp_pneumophila_DSM7513_DIA100_4183	Probe 1-96_100SPD_diaPASEF_diann_res	22548	Legionella pneumophila_ssp_pneumophila	91891	UniProt	UP000000609	DSM 7513(T)	DSM 7513	2930	74.77815699658703
/Probe 1-96_100SPD_diaPASEF/BacLandscape_100SPD_diaPASEF_Leuconostoc_pseudomesenteroides__96_1-17-2024_4239.d	15653	1206	969482000.0	16395386700	398753127716	2.246	0.035	2.14801	1.4183	1.90974	1.79147	0	0	0.121295	14.487	2.473	0.216	100SPD_DIA	200_Leuconostoc_pseudomesenteroides_DSM20193_DIA100_4239_report.stats.tsv	200_Leuconostoc_pseudomesenteroides_DSM20193_DIA100_4239	Probe 1-96_100SPD_diaPASEF_diann_res	12652	Leuconostoc pseudomesenteroides	33968	UniProt	UP000321296	DSM 20193(T)	CBA3630	2115	57.02127659574469
/Probe 1-96_100SPD_diaPASEF/BacLandscape_100SPD_diaPASEF_Micrococcus_luteus__4_1-15-2024_4055.d	23467	1676	1486750000.0	18761955291	542823730866	2.363	0.037	1.47658	1.3966	2.12708	1.81313	0	0	0.119335	15.132	2.522	0.227	100SPD_DIA	210_Micrococcus_luteus_DSM20030_DIA100_4055_report.stats.tsv	210_Micrococcus_luteus_DSM20030_DIA100_4055	Probe 1-96_100SPD_diaPASEF_diann_res	18638	Micrococcus luteus	1270	UniProt	UP000000738	DSM 20030(T)	ATCC 4698/DSM 20030	2207	75.94019030357953
/Probe 1-96_100SPD_diaPASEF/BacLandscape_100SPD_diaPASEF_Micrococcus_luteus__85_1-17-2024_4217.d	16488	1446	1259700000.0	20022415899	584134952172	2.356	0.037	2.49809	1.56603	1.77678	1.66407	0	0	0.12469	14.999	2.498	0.197	100SPD_DIA	212_Micrococcus_luteus_DSM14234_DIA100_4217_report.stats.tsv	212_Micrococcus_luteus_DSM14234_DIA100_4217	Probe 1-96_100SPD_diaPASEF_diann_res	13068	Micrococcus luteus	1270	UniProt	UP000000738	DSM 14234	ATCC 4698/DSM 20030	2207	65.51880380607159
/Probe 1-96_100SPD_diaPASEF/BacLandscape_100SPD_diaPASEF_Moraxella_catarrhalis__50_1-16-2024_4147.d	18321	1252	1400110000.0	21042220180	634179913108	2.239	0.035	2.42011	1.57472	1.78428	1.77334	0	0	0.116894	14.891	2.519	0.214	100SPD_DIA	214_Moraxella_catarrhalis_DSM9143_DIA100_4147_report.stats.tsv	214_Moraxella_catarrhalis_DSM9143_DIA100_4147	Probe 1-96_100SPD_diaPASEF_diann_res	14223	Moraxella catarrhalis	480	UniProt	UP000280228	DSM 9143(T)	46P58B1	2116	59.168241965973536
/Probe 1-96_100SPD_diaPASEF/BacLandscape_100SPD_diaPASEF_Moraxella_catarrhalis__48_1-16-2024_4143.d	18328	1279	1202440000.0	19932037065	564976104126	2.268	0.035	2.17556	1.61899	1.75379	1.71028	0	0	0.11681	14.9	2.526	0.228	100SPD_DIA	216_Moraxella_catarrhalis_DSM11994_DIA100_4143_report.stats.tsv	216_Moraxella_catarrhalis_DSM11994_DIA100_4143	Probe 1-96_100SPD_diaPASEF_diann_res	14355	Moraxella catarrhalis	480	UniProt	UP000280228	DSM 11994	46P58B1	2116	60.444234404536864
/Probe 1-96_100SPD_diaPASEF/BacLandscape_100SPD_diaPASEF_Morganella_morganii_subsp_morganii_47_1-16-2024_4141.d	23170	2048	1267650000.0	18734184319	506209956796	2.293	0.036	2.03568	1.45848	1.77678	1.77044	0	0	0.110896	14.616	2.465	0.198	100SPD_DIA	218_Morganella_morganii_ssp_morganii_DSM30164_DIA100_4141_report.stats.tsv	218_Morganella_morganii_ssp_morganii_DSM30164_DIA100_4141	Probe 1-96_100SPD_diaPASEF_diann_res	18915	Morganella morganii_ssp_morganii	180434	UniProt	UP000011834	DSM 30164(T)	KT	3510	58.34757834757834
/Probe 1-96_100SPD_diaPASEF/BacLandscape_100SPD_diaPASEF_Morganella_morganii_subsp_morganii_46_1-16-2024_4139.d	24387	2057	1342850000.0	19427435646	537730817620	2.283	0.036	2.27526	1.55479	1.77145	1.77074	0	0	0.116562	14.735	2.478	0.209	100SPD_DIA	220_Morganella_morganii_ssp_morganii_DSM30117_DIA100_4139_report.stats.tsv	220_Morganella_morganii_ssp_morganii_DSM30117_DIA100_4139	Probe 1-96_100SPD_diaPASEF_diann_res	19934	Morganella morganii_ssp_morganii	180434	UniProt	UP000011834	DSM 30117	KT	3510	58.6039886039886
/Probe 1-96_100SPD_diaPASEF/BacLandscape_100SPD_diaPASEF_Morganella_morganii_subsp_sibonii_55_1-16-2024_4157.d	18658	1854	1289300000.0	21061269642	642054359266	2.306	0.036	2.44289	1.6273	1.8419	1.69143	0	0	0.126256	14.49	2.458	0.213	100SPD_DIA	222_Morganella_morganii_ssp_sibonii_DSM14850_DIA100_4157_report.stats.tsv	222_Morganella_morganii_ssp_sibonii_DSM14850_DIA100_4157	Probe 1-96_100SPD_diaPASEF_diann_res	15117	Morganella morganii_ssp_sibonii	180435	UniProt	UP000011834	DSM 14850(T)	KT	3510	52.820512820512825
/Probe 1-96_100SPD_diaPASEF/BacLandscape_100SPD_diaPASEF_Morganella_morganii_subsp_sibonii_44_1-16-2024_4135.d	20992	1919	1216060000.0	18735397514	496010192056	2.304	0.036	2.25935	1.46573	1.82435	1.81671	0	0	0.113768	14.628	2.462	0.191	100SPD_DIA	224_Morganella_morganii_ssp_sibonii_DSM6675_DIA100_4135_report.stats.tsv	224_Morganella_morganii_ssp_sibonii_DSM6675_DIA100_4135	Probe 1-96_100SPD_diaPASEF_diann_res	17165	Morganella morganii_ssp_sibonii	180435	UniProt	UP000011834	DSM 6675	KT	3510	54.67236467236467
/Probe 1-96_100SPD_diaPASEF/BacLandscape_100SPD_diaPASEF_Neisseria_gonorrhoeae__52_1-16-2024_4151.d	16557	1254	1154040000.0	21341392813	646537704812	2.305	0.036	2.33926	1.59125	1.71623	1.69767	0	0	0.122448	14.566	2.455	0.231	100SPD_DIA	225_Neisseria_gonorrhoeae_DSM9188_DIA100_4151_report.stats.tsv	225_Neisseria_gonorrhoeae_DSM9188_DIA100_4151	Probe 1-96_100SPD_diaPASEF_diann_res	13348	Neisseria gonorrhoeae	485	UniProt	UP000000535	DSM 9188(T)	ATCC 700825	2106	59.54415954415955
/Probe 1-96_100SPD_diaPASEF/BacLandscape_100SPD_diaPASEF_Neisseria_gonorrhoeae__51_1-16-2024_4149.d	17318	1255	1173570000.0	20413389075	593035040004	2.288	0.036	2.19071	1.56653	1.81171	1.8032	0	0	0.1236	14.534	2.468	0.239	100SPD_DIA	226_Neisseria_gonorrhoeae_DSM9189_DIA100_4149_report.stats.tsv	226_Neisseria_gonorrhoeae_DSM9189_DIA100_4149	Probe 1-96_100SPD_diaPASEF_diann_res	13922	Neisseria gonorrhoeae	485	UniProt	UP000000535	DSM 9189	ATCC 700825	2106	59.59164292497626
/Probe 1-96_100SPD_diaPASEF/BacLandscape_100SPD_diaPASEF_Neisseria_meningitidis__49_1-16-2024_4145.d	15370	1241	1166850000.0	21029084377	617683757702	2.321	0.036	2.6102	1.59269	1.66226	1.63793	0	0	0.124313	14.389	2.446	0.232	100SPD_DIA	227_Neisseria_meningitidis_DSM10036_DIA100_4145_report.stats.tsv	227_Neisseria_meningitidis_DSM10036_DIA100_4145	Probe 1-96_100SPD_diaPASEF_diann_res	12382	Neisseria meningitidis	487	UniProt	UP000000425	DSM 10036(T)	MC58	2001	62.01899050474763
/Probe 1-96_100SPD_diaPASEF/BacLandscape_100SPD_diaPASEF_Pantoea_agglomerans__54_1-16-2024_4155.d	27289	2529	1357170000.0	19640622724	558286096276	2.263	0.035	2.05852	1.49098	1.72823	1.71484	0	0	0.116051	14.744	2.474	0.185	100SPD_DIA	228_Pantoea_agglomerans_DSM3493_DIA100_4155_report.stats.tsv	228_Pantoea_agglomerans_DSM3493_DIA100_4155	Probe 1-96_100SPD_diaPASEF_diann_res	22538	Pantoea agglomerans	549	UniProt	UP001158961	DSM 3493(T)	DAPP-PG734	4972	50.864843121480284
/Probe 1-96_100SPD_diaPASEF/BacLandscape_100SPD_diaPASEF_Pantoea_agglomerans__60_1-16-2024_4167.d	25151	2535	1311970000.0	20567991356	601354529112	2.29	0.036	2.10144	1.53606	1.76478	1.71274	0	0	0.116904	14.69	2.462	0.184	100SPD_DIA	229_Pantoea_agglomerans_DSM1619_DIA100_4167_report.stats.tsv	229_Pantoea_agglomerans_DSM1619_DIA100_4167	Probe 1-96_100SPD_diaPASEF_diann_res	20904	Pantoea agglomerans	549	UniProt	UP001158961	DSM 1619	DAPP-PG734	4972	50.98551890587289
/Probe 1-96_100SPD_diaPASEF/BacLandscape_100SPD_diaPASEF_Paracoccus_yeei__83_1-17-2024_4213.d	27211	2436	1673930000.0	21507590498	670880980900	2.318	0.036	2.60739	1.62825	1.71648	1.6736	0	0	0.120771	14.788	2.455	0.193	100SPD_DIA	230_Paracoccus_yeei_DSM30768_DIA100_4213_report.stats.tsv	230_Paracoccus_yeei_DSM30768_DIA100_4213	Probe 1-96_100SPD_diaPASEF_diann_res	22315	Paracoccus yeei	147645	UniProt	UP000191257	DSM 30768	FDAARGOS_252	4275	56.98245614035088
/Probe 1-96_100SPD_diaPASEF/BacLandscape_100SPD_diaPASEF_Proteus_mirabilis__71_1-16-2024_4189.d	23419	2059	1383260000.0	20225441259	575600426796	2.262	0.035	1.98528	1.57048	1.73818	1.7018	0	0	0.1216	14.735	2.473	0.213	100SPD_DIA	232_Proteus_mirabilis_DSM4479_DIA100_4189_report.stats.tsv	232_Proteus_mirabilis_DSM4479_DIA100_4189	Probe 1-96_100SPD_diaPASEF_diann_res	19056	Proteus mirabilis	584	UniProt	UP000008319	DSM 4479(T)	HI4320	3661	56.241464080852225
/Probe 1-96_100SPD_diaPASEF/BacLandscape_100SPD_diaPASEF_Proteus_mirabilis__76_1-16-2024_4199.d	23103	2019	1474960000.0	21105376892	623554931320	2.303	0.036	2.20681	1.58686	1.74087	1.72103	0	0	0.119894	14.8	2.472	0.207	100SPD_DIA	233_Proteus_mirabilis_DSM788_DIA100_4199_report.stats.tsv	233_Proteus_mirabilis_DSM788_DIA100_4199	Probe 1-96_100SPD_diaPASEF_diann_res	18688	Proteus mirabilis	584	UniProt	UP000008319	DSM 788	HI4320	3661	55.14886642993717
/Probe 1-96_100SPD_diaPASEF/BacLandscape_100SPD_diaPASEF_Proteus_vulgaris___63_1-16-2024_4173.d	25001	2082	1373950000.0	19027138618	515646242184	2.257	0.035	1.96946	1.55697	1.77415	1.74214	0	0	0.114691	14.68	2.477	0.21	100SPD_DIA	246_Proteus_vulgaris_DSM13387_DIA100_4173_report.stats.tsv	246_Proteus_vulgaris_DSM13387_DIA100_4173	Probe 1-96_100SPD_diaPASEF_diann_res	20400	Proteus vulgaris	585	UniProt	UP000254331	DSM 13387(T)	NCTC10376	3963	52.53595760787282
/Probe 1-96_100SPD_diaPASEF/BacLandscape_100SPD_diaPASEF_Proteus_vulgaris___62_1-16-2024_4171.d	25124	2108	1378000000.0	19509450480	537957476618	2.269	0.035	1.94269	1.48981	1.67528	1.67682	0	0	0.111349	14.573	2.462	0.2	100SPD_DIA	247_Proteus_vulgaris_DSM2140_DIA100_4171_report.stats.tsv	247_Proteus_vulgaris_DSM2140_DIA100_4171	Probe 1-96_100SPD_diaPASEF_diann_res	20557	Proteus vulgaris	585	UniProt	UP000254331	DSM 2140	NCTC10376	3963	53.19202624274539
/Probe 1-96_100SPD_diaPASEF/BacLandscape_100SPD_diaPASEF_Streptococcus_agalactiae_16_1-15-2024_4079.d	17650	1281	1326840000.0	19608802032	552707771920	2.232	0.035	1.7083	1.60743	1.94695	1.75743	0	0	0.11877	14.346	2.469	0.298	100SPD_DIA	249_Streptococcus_agalactiae_DSM6784_DIA100_4079_report.stats.tsv	249_Streptococcus_agalactiae_DSM6784_DIA100_4079	Probe 1-96_100SPD_diaPASEF_diann_res	14241	Streptococcus agalactiae	1311	UniProt	UP000000821	DSM 6784	ATCC BAA-611	2105	60.85510688836104
/Probe 1-96_100SPD_diaPASEF/BacLandscape_100SPD_diaPASEF_Providencia_rettgeri_34_1-16-2024_4115.d	20039	1955	1157740000.0	18894373823	504792673652	2.316	0.036	1.97133	1.64454	1.81386	1.79114	0	0	0.123119	14.128	2.43	0.187	100SPD_DIA	250_Providencia_rettgeri_DSM4542_DIA100_4115_report.stats.tsv	250_Providencia_rettgeri_DSM4542_DIA100_4115	Probe 1-96_100SPD_diaPASEF_diann_res	16539	Providencia rettgeri	587	UniProt	UP001155882	DSM 4542(T)	2021EL-01139	4250	46.0
/Probe 1-96_100SPD_diaPASEF/BacLandscape_100SPD_diaPASEF_Streptococcus_dysgalactiae_subsp_dysgalactiae_9_1-15-2024_4065.d	16500	1272	1195380000.0	18111616190	486747166844	2.26	0.035	1.64587	1.539	2.17681	1.66022	0	0	0.121614	14.335	2.464	0.23	100SPD_DIA	251_Streptococcus_dysgalactiae_ssp_dysgalactiae_DSM20662_DIA100_4065_report.stats.tsv	251_Streptococcus_dysgalactiae_ssp_dysgalactiae_DSM20662_DIA100_4065	Probe 1-96_100SPD_diaPASEF_diann_res	13370	Streptococcus dysgalactiae_ssp_dysgalactiae	99822	UniProt	UP000254797	DSM 20662(T)	NCTC4670	2191	58.05568233683249
/Probe 1-96_100SPD_diaPASEF/BacLandscape_100SPD_diaPASEF_Providencia_rettgeri_73_1-16-2024_4193.d	23492	2200	1235090000.0	19305998479	540443497120	2.286	0.036	1.81188	1.58541	1.78598	1.77273	0	0	0.114875	14.513	2.452	0.193	100SPD_DIA	252_Providencia_rettgeri_DSM1131_DIA100_4193_report.stats.tsv	252_Providencia_rettgeri_DSM1131_DIA100_4193	Probe 1-96_100SPD_diaPASEF_diann_res	19393	Providencia rettgeri	587	UniProt	UP001155882	DSM 1131(T)	2021EL-01139	4250	51.76470588235295
/Probe 1-96_100SPD_diaPASEF/BacLandscape_100SPD_diaPASEF_Streptococcus_dysgalactiae_subsp_equisimilis_7_1-15-2024_4061.d	16667	1273	1212740000.0	18067598879	486184705000	2.287	0.036	1.57521	1.50649	1.93895	1.63794	0	0	0.112775	14.271	2.454	0.211	100SPD_DIA	253_Streptococcus_dysgalactiae_ssp_equisimilis_DSM6176_DIA100_4061_report.stats.tsv	253_Streptococcus_dysgalactiae_ssp_equisimilis_DSM6176_DIA100_4061	Probe 1-96_100SPD_diaPASEF_diann_res	13557	Streptococcus dysgalactiae_ssp_equisimilis	119602	UniProt	UP000009215	DSM 6176	AC-2713	2195	57.99544419134396
/Probe 1-96_100SPD_diaPASEF/BacLandscape_100SPD_diaPASEF_Providencia_stuartii_24_1-15-2024_4095.d	27369	2280	1565340000.0	20197245041	587249592012	2.274	0.035	1.80561	1.65699	1.91112	1.86898	0	0	0.122965	14.508	2.453	0.189	100SPD_DIA	254_Providencia_stuartii_DSM4539_DIA100_4095_report.stats.tsv	254_Providencia_stuartii_DSM4539_DIA100_4095	Probe 1-96_100SPD_diaPASEF_diann_res	22188	Providencia stuartii	588	UniProt	UP000005012	DSM 4539(T)	MRSN 2154	4220	54.02843601895735
/Probe 1-96_100SPD_diaPASEF/BacLandscape_100SPD_diaPASEF_Streptococcus_dysgalactiae_subsp_equisimilis_11_1-15-2024_4069.d	18078	1292	1498870000.0	21274442479	655476706936	2.257	0.035	1.68295	1.614	2.01211	1.77291	0	0	0.121828	14.484	2.473	0.246	100SPD_DIA	255_Streptococcus_dysgalactiae_ssp_equisimilis_DSM23147_DIA100_4069_report.stats.tsv	255_Streptococcus_dysgalactiae_ssp_equisimilis_DSM23147_DIA100_4069	Probe 1-96_100SPD_diaPASEF_diann_res	14450	Streptococcus dysgalactiae_ssp_equisimilis	119602	UniProt	UP000009215	DSM 23147(T)	AC-2713	2195	58.86104783599089
/Probe 1-96_100SPD_diaPASEF/BacLandscape_100SPD_diaPASEF_Providencia_stuartii_74_1-16-2024_4195.d	23687	2178	1125400000.0	17777208028	458288459498	2.29	0.036	1.71779	1.36498	1.84086	1.84671	0	0	0.11469	14.465	2.445	0.181	100SPD_DIA	256_Providencia_stuartii_DSM2250_DIA100_4195_report.stats.tsv	256_Providencia_stuartii_DSM2250_DIA100_4195	Probe 1-96_100SPD_diaPASEF_diann_res	19632	Providencia stuartii	588	UniProt	UP000005012	DSM 2250	MRSN 2154	4220	51.61137440758294
/Probe 1-96_100SPD_diaPASEF/BacLandscape_100SPD_diaPASEF_Streptococcus_pneumoniae___14_1-15-2024_4075.d	13793	1177	521241000.0	14185563879	322408580804	2.261	0.035	1.41868	1.32315	2.31825	1.80564	0	0	0.112984	13.676	2.39	0.196	100SPD_DIA	261_Streptococcus_pneumoniae_DSM11865_DIA100_4075_report.stats.tsv	261_Streptococcus_pneumoniae_DSM11865_DIA100_4075	Probe 1-96_100SPD_diaPASEF_diann_res	11716	Streptococcus pneumoniae	1313	UniProt	UP000000585	DSM 11865	ATCC BAA-334	2109	55.80844001896633
/Probe 1-96_100SPD_diaPASEF/BacLandscape_100SPD_diaPASEF_Streptococcus_pyogenes__17_1-15-2024_4081.d	16147	1171	1296790000.0	18983182081	524122558344	2.242	0.035	1.57752	1.56231	2.03842	1.70678	0	0	0.120463	14.417	2.465	0.225	100SPD_DIA	263_Streptococcus_pyogenes_DSM2071_DIA100_4081_report.stats.tsv	263_Streptococcus_pyogenes_DSM2071_DIA100_4081	Probe 1-96_100SPD_diaPASEF_diann_res	12938	Streptococcus pyogenes	1314	UniProt	UP000000750	DSM 2071	ATCC 700294 / SF370 / Serotype M1	1690	69.28994082840237
/Probe 1-96_100SPD_diaPASEF/BacLandscape_100SPD_diaPASEF_Pseudomonas_stutzeri_27_1-15-2024_4101.d	25623	2386	1366960000.0	19109548192	527240521012	2.333	0.036	1.72839	1.38771	1.64223	1.72138	0	0	0.110906	14.323	2.428	0.159	100SPD_DIA	264_Pseudomonas_stutzeri_DSM5190_DIA100_4101_report.stats.tsv	264_Pseudomonas_stutzeri_DSM5190_DIA100_4101	Probe 1-96_100SPD_diaPASEF_diann_res	21097	Pseudomonas stutzeri	316	UniProt	UP000000233	DSM 5190(T)	A1501	4092	58.3088954056696
/Probe 1-96_100SPD_diaPASEF/BacLandscape_100SPD_diaPASEF_Streptococcus_pyogenes__15_1-15-2024_4077.d	15194	1121	1200320000.0	18030220773	484227846780	2.241	0.035	1.56222	1.50924	2.06638	1.78671	0	0	0.123093	14.35	2.464	0.219	100SPD_DIA	265_Streptococcus_pyogenes_DSM2072_DIA100_4077_report.stats.tsv	265_Streptococcus_pyogenes_DSM2072_DIA100_4077	Probe 1-96_100SPD_diaPASEF_diann_res	12215	Streptococcus pyogenes	1314	UniProt	UP000000750	DSM 2072	ATCC 700294 / SF370 / Serotype M1	1690	66.33136094674556
/Probe 1-96_100SPD_diaPASEF/BacLandscape_100SPD_diaPASEF_Pseudomonas_stutzeri_93_1-17-2024_4233.d	15774	2023	886835000.0	18633083576	505146111784	2.324	0.036	2.31887	1.50639	1.80676	1.68484	0	0	0.118102	14.015	2.433	0.162	100SPD_DIA	266_Pseudomonas_stutzeri_DSM13592_DIA100_4233_report.stats.tsv	266_Pseudomonas_stutzeri_DSM13592_DIA100_4233	Probe 1-96_100SPD_diaPASEF_diann_res	13144	Pseudomonas stutzeri	316	UniProt	UP000000233	DSM 13592	A1501	4092	49.437927663734115
/Probe 1-96_100SPD_diaPASEF/BacLandscape_100SPD_diaPASEF_Streptococcus_sanguinis_19_1-15-2024_4085.d	15615	1480	920228000.0	16423376624	410330486258	2.292	0.036	1.44007	1.39464	2.0699	1.78306	0	0	0.119545	13.889	2.409	0.2	100SPD_DIA	267_Streptococcus_sanguinis_DSM20068_DIA100_4085_report.stats.tsv	267_Streptococcus_sanguinis_DSM20068_DIA100_4085	Probe 1-96_100SPD_diaPASEF_diann_res	12998	Streptococcus sanguinis	1305	UniProt	UP000002148	DSM 20068(T)	SK36	2269	65.22697223446453
/Probe 1-96_100SPD_diaPASEF/BacLandscape_100SPD_diaPASEF_Streptococcus_sanguinis_18_1-15-2024_4083.d	16916	1418	1276030000.0	19447880725	564305926450	2.264	0.035	1.74571	1.62479	1.8229	1.58544	0	0	0.125928	14.275	2.437	0.233	100SPD_DIA	269_Streptococcus_sanguinis_DSM20567_DIA100_4083_report.stats.tsv	269_Streptococcus_sanguinis_DSM20567_DIA100_4083	Probe 1-96_100SPD_diaPASEF_diann_res	13743	Streptococcus sanguinis	1305	UniProt	UP000002148	DSM 20567	SK36	2269	62.494490965182905
/Probe 1-96_100SPD_diaPASEF/BacLandscape_100SPD_diaPASEF_Shigella_boydii_29_1-16-2024_4105.d	23289	1901	1605660000.0	20601903202	597255599792	2.344	0.036	2.06463	1.6081	1.84532	1.8303	0	0	0.11563	14.615	2.461	0.192	100SPD_DIA	270_Shigella_boydii_DSM7532_DIA100_4105_report.stats.tsv	270_Shigella_boydii_DSM7532_DIA100_4105	Probe 1-96_100SPD_diaPASEF_diann_res	18752	Shigella boydii	621	UniProt	UP000001030	DSM 7532(T)	BS512	4143	45.884624668114895
/Probe 1-96_100SPD_diaPASEF/BacLandscape_100SPD_diaPASEF_Vibrio_cholerae_20_1-15-2024_4087.d	28174	2409	1581300000.0	20034919454	584738103220	2.29	0.036	1.64971	1.56751	1.9258	1.68099	0	0	0.118374	14.494	2.454	0.168	100SPD_DIA	271_Vibrio_cholerae_DSM100200_DIA100_4087_report.stats.tsv	271_Vibrio_cholerae_DSM100200_DIA100_4087	Probe 1-96_100SPD_diaPASEF_diann_res	23046	Vibrio cholerae	666	UniProt	UP000000584	DSM 100200(T)	ATCC 39315	3781	63.713303358899765
/Probe 1-96_100SPD_diaPASEF/BacLandscape_100SPD_diaPASEF_Shigella_dysenteriae_81_1-17-2024_4209.d	20092	1822	1196140000.0	19134335724	525981167780	2.262	0.035	1.88339	1.39467	1.65055	1.65424	0	0	0.109455	14.489	2.465	0.2	100SPD_DIA	272_Shigella_dysenteriae_DSM103303_DIA100_4209_report.stats.tsv	272_Shigella_dysenteriae_DSM103303_DIA100_4209	Probe 1-96_100SPD_diaPASEF_diann_res	16336	Shigella dysenteriae	622	UniProt	UP000002716	DSM 103303	Sd197	3897	46.75391326661534
/Probe 1-96_100SPD_diaPASEF/BacLandscape_100SPD_diaPASEF_Vibrio_cholerae_61_1-16-2024_4169.d	26561	2313	1431190000.0	20150970297	569985916836	2.27	0.035	2.36922	1.45214	1.71484	1.72856	0	0	0.124732	14.647	2.468	0.187	100SPD_DIA	273_Vibrio_cholerae_DSM101014_DIA100_4169_report.stats.tsv	273_Vibrio_cholerae_DSM101014_DIA100_4169	Probe 1-96_100SPD_diaPASEF_diann_res	21704	Vibrio cholerae	666	UniProt	UP000000584	DSM 101014	ATCC 39315	3781	61.17429251520762
/Probe 1-96_100SPD_diaPASEF/BacLandscape_100SPD_diaPASEF_Shigella_flexneri_37_1-16-2024_4121.d	23353	1933	1366330000.0	19386257156	541444272700	2.277	0.035	1.78275	1.46118	1.66769	1.64746	0	0	0.121686	14.557	2.465	0.195	100SPD_DIA	274_Shigella_flexneri_DSM4782_DIA100_4121_report.stats.tsv	274_Shigella_flexneri_DSM4782_DIA100_4121	Probe 1-96_100SPD_diaPASEF_diann_res	19028	Shigella flexneri	623	UniProt	UP000001006	DSM 4782(T)	301	4103	47.11186936388009
/Probe 1-96_100SPD_diaPASEF/BacLandscape_100SPD_diaPASEF_Yersinia_pseudotuberculosis_78_1-16-2024_4203.d	22253	1865	1162130000.0	17610609214	451734074692	2.27	0.035	1.65966	1.48428	1.72728	1.67797	0	0	0.112275	14.684	2.478	0.188	100SPD_DIA	275_Yersinia_pseudotuberculosis_DSM22972_DIA100_4203_report.stats.tsv	275_Yersinia_pseudotuberculosis_DSM22972_DIA100_4203	Probe 1-96_100SPD_diaPASEF_diann_res	18105	Yersinia pseudotuberculosis	633	UniProt	UP000001011	DSM 22972	IP32953	4016	46.439243027888445
/Probe 1-96_100SPD_diaPASEF/BacLandscape_100SPD_diaPASEF_Shigella_sonnei__84_1-17-2024_4215.d	24110	2034	1603260000.0	22861839101	747280799200	2.277	0.035	2.46463	1.55683	1.84858	1.79175	0	0	0.11697	14.759	2.471	0.223	100SPD_DIA	278_Shigella_sonnei_DSM25715_DIA100_4215_report.stats.tsv	278_Shigella_sonnei_DSM25715_DIA100_4215	Probe 1-96_100SPD_diaPASEF_diann_res	19395	Shigella sonnei	624	UniProt	UP000002529	DSM 25715	Ss046	4068	50.0
/Probe 1-96_100SPD_diaPASEF/BacLandscape_100SPD_diaPASEF_Sphingomonas_paucimobilis_82_1-17-2024_4211.d	29511	2682	1833700000.0	22962788535	757213147040	2.322	0.036	2.59208	1.62741	1.82026	1.77036	0	0	0.114639	14.997	2.452	0.202	100SPD_DIA	280_Sphingomonas_paucimobilis_DSM30198_DIA100_4211_report.stats.tsv	280_Sphingomonas_paucimobilis_DSM30198_DIA100_4211	Probe 1-96_100SPD_diaPASEF_diann_res	24169	Sphingomonas paucimobilis	13689	UniProt	UP000594836	DSM 30198	DSM 30198	4127	64.98667312818027
/Probe 1-96_100SPD_diaPASEF/BacLandscape_100SPD_diaPASEF_Staphylococcus_capitis_subsp_capitis_30_1-16-2024_4107.d	17719	1404	1108700000.0	17307707758	438835059574	2.271	0.035	1.42934	1.37212	1.74559	1.68193	0	0	0.132175	14.173	2.478	0.258	100SPD_DIA	281_Staphylococcus_capitis_ssp_capitis_DSM20326_DIA100_4107_report.stats.tsv	281_Staphylococcus_capitis_ssp_capitis_DSM20326_DIA100_4107	Probe 1-96_100SPD_diaPASEF_diann_res	14229	Staphylococcus capitis_ssp_capitis	72758	UniProt	UP000550736	DSM 20326(T)	"""12-86"""	2537	55.340953882538436
/Probe 1-96_100SPD_diaPASEF/BacLandscape_100SPD_diaPASEF_Staphylococcus_capitis_subsp_urealyticus_70_1-16-2024_4187.d	17481	1489	712950000.0	14173008128	309197587680	2.227	0.035	1.30054	1.22166	1.91509	1.84813	0	0	0.128518	14.252	2.497	0.294	100SPD_DIA	282_Staphylococcus_capitis_ssp_urealyticus_DSM6717_DIA100_4187_report.stats.tsv	282_Staphylococcus_capitis_ssp_urealyticus_DSM6717_DIA100_4187	Probe 1-96_100SPD_diaPASEF_diann_res	14412	Staphylococcus capitis_ssp_urealyticus	74703	UniProt	UP000550736	DSM 6717(T)	"""12-86"""	2537	58.69136775719353
/Probe 1-96_100SPD_diaPASEF/BacLandscape_100SPD_diaPASEF_Staphylococcus_pasteuri__72_1-16-2024_4191.d	10985	1134	804526000.0	17748022665	456923076776	2.245	0.035	1.79111	1.57038	1.6994	1.6731	0	0	0.125997	14.063	2.478	0.302	100SPD_DIA	283_Staphylococcus_pasteuri_DSM10656_DIA100_4191_report.stats.tsv	283_Staphylococcus_pasteuri_DSM10656_DIA100_4191	Probe 1-96_100SPD_diaPASEF_diann_res	8890	Staphylococcus pasteuri	45972	UniProt	UP000261016	DSM 10656(T)	OM08-17AT	2545	44.55795677799607
/Probe 1-96_100SPD_diaPASEF/BacLandscape_100SPD_diaPASEF_Staphylococcus_pasteuri__75_1-16-2024_4197.d	8604	1088	331677000.0	12301317071	244593804784	2.24	0.035	1.27434	1.22899	2.12085	1.9503	0	0	0.133	13.614	2.437	0.25	100SPD_DIA	284_Staphylococcus_pasteuri_DSM10657_DIA100_4197_report.stats.tsv	284_Staphylococcus_pasteuri_DSM10657_DIA100_4197	Probe 1-96_100SPD_diaPASEF_diann_res	7220	Staphylococcus pasteuri	45972	UniProt	UP000261016	DSM 10657	OM08-17AT	2545	42.750491159135564
/Probe 97-192_100SPD_diaPASEF/BacLandscape_100SPD_diaPASEF_Achromobacter_xylosoxidans__183_2-7-2024_5226.d	20025	2457	1094280000.0	17465918562	482341492704	2.379	0.037	2.11972	1.54695	1.74535	1.64075	0	0	0.122232	13.875	2.368	0.165	100SPD_DIA	001_Achromobacter_xylosoxidans_HST_62_DIA100_5226_report.stats.tsv	001_Achromobacter_xylosoxidans_HST_62_DIA100_5226	Probe 97-192_100SPD_diaPASEF_diann_res	17286	Achromobacter xylosoxidans	85698	UniProt	UP000060602	HST 62	FDAARGOS_147	6134	40.05542875774372
/Probe 97-192_100SPD_diaPASEF/BacLandscape_100SPD_diaPASEF_Acinetobacter_baumannii_142_2-6-2024_5144.d	26838	2222	1430800000.0	18588825375	530729843968	2.269	0.035	2.92885	1.44429	1.98207	1.72638	0	0	0.123705	14.314	2.443	0.215	100SPD_DIA	003_Acinetobacter_baumannii_DSM30011_DIA100_5144_report.stats.tsv	003_Acinetobacter_baumannii_DSM30011_DIA100_5144	Probe 97-192_100SPD_diaPASEF_diann_res	22230	Acinetobacter baumannii	470	UniProt	UP000005740	DSM 30011	DSM 30007	3765	59.01726427622842
/Probe 97-192_100SPD_diaPASEF/BacLandscape_100SPD_diaPASEF_Aeromonas_hydrophila_subsp._hydrophila_181_2-7-2024_5222.d	28713	2687	1103720000.0	15374346814	387434875258	2.239	0.035	2.03706	1.38081	1.89882	1.82325	0	0	0.120989	14.21	2.412	0.166	100SPD_DIA	004_Aeromonas_hydrophila_ssp_hydrophila_DSM30183_DIA100_5222_report.stats.tsv	004_Aeromonas_hydrophila_ssp_hydrophila_DSM30183_DIA100_5222	Probe 97-192_100SPD_diaPASEF_diann_res	24694	Aeromonas hydrophila_ssp_hydrophila	196023	UniProt	UP000000756	DSM 30183	DSM 30187	4121	65.20262072312546
/Probe 97-192_100SPD_diaPASEF/BacLandscape_100SPD_diaPASEF_Bacillus_atrophaeus__165_2-6-2024_5190.d	9226	1396	816158000.0	18076166765	507298218500	2.31	0.036	3.80419	1.42086	2.33524	1.73034	0	0	0.115443	13.242	2.356	0.195	100SPD_DIA	014_Bacillus_atrophaeus_LSSC3_DIA100_5190_report.stats.tsv	014_Bacillus_atrophaeus_LSSC3_DIA100_5190	Probe 97-192_100SPD_diaPASEF_diann_res	7780	Bacillus atrophaeus	1452	UniProt	UP000001570	LSSC3	168	4260	32.76995305164319
/Probe 97-192_100SPD_diaPASEF/BacLandscape_100SPD_diaPASEF_Bacillus_cereus__153_2-6-2024_5166.d	17730	1939	1297510000.0	19063723729	557346842664	2.266	0.035	3.7561	1.58106	2.27896	1.49024	0	0	0.114389	13.798	2.384	0.212	100SPD_DIA	016_Bacillus_cereus_ATCC10987_DIA100_5166_report.stats.tsv	016_Bacillus_cereus_ATCC10987_DIA100_5166	Probe 97-192_100SPD_diaPASEF_diann_res	14854	Bacillus cereus	1396	UniProt	UP000001417	ATCC 10987	ATCC 14579	5240	37.00381679389313
/Probe 97-192_100SPD_diaPASEF/BacLandscape_100SPD_diaPASEF_Bacillus_atrophaeus_151_2-6-2024_5162.d	9759	1561	787311000.0	18660094198	533762551144	2.306	0.036	3.29194	1.54162	2.08459	1.61569	0	0	0.110843	13.255	2.347	0.191	100SPD_DIA	018_Bacillus_atrophaeus_GBSC56_DIA100_5162_report.stats.tsv	018_Bacillus_atrophaeus_GBSC56_DIA100_5162	Probe 97-192_100SPD_diaPASEF_diann_res	8293	Bacillus atrophaeus	1452	UniProt	UP000001570	GBSC56	168	4260	36.64319248826291
/Probe 97-192_100SPD_diaPASEF/BacLandscape_100SPD_diaPASEF_Bacillus_atrophaeus_146_2-6-2024_5152.d	9612	1460	899564000.0	20710365315	650483495458	2.28	0.035	4.03361	1.60778	2.3145	1.49368	0	0	0.122588	13.344	2.349	0.198	100SPD_DIA	019_Bacillus_atrophaeus_NMTD54_DIA100_5152_report.stats.tsv	019_Bacillus_atrophaeus_NMTD54_DIA100_5152	Probe 97-192_100SPD_diaPASEF_diann_res	8046	Bacillus atrophaeus	1452	UniProt	UP000001570	NMTD54	168	4260	34.27230046948357
/Probe 97-192_100SPD_diaPASEF/BacLandscape_100SPD_diaPASEF_Bacillus_atrophaeus_161_2-6-2024_5182.d	8554	1367	643575000.0	17698127218	485287349160	2.255	0.035	3.78261	1.45638	2.44849	1.50286	0	0	0.118053	13.31	2.351	0.184	100SPD_DIA	020_Bacillus_atrophaeus_TS1_DIA100_5182_report.stats.tsv	020_Bacillus_atrophaeus_TS1_DIA100_5182	Probe 97-192_100SPD_diaPASEF_diann_res	7246	Bacillus atrophaeus	1452	UniProt	UP000001570	TS1	168	4260	32.08920187793427
/Probe 97-192_100SPD_diaPASEF/BacLandscape_100SPD_diaPASEF_Bacillus_cereus__134_2-6-2024_5128.d	26400	2419	1431550000.0	17574751298	482800032364	2.281	0.035	2.83112	1.47938	2.07798	1.8003	0	0	0.119542	14.059	2.412	0.216	100SPD_DIA	024_Bacillus_cereus_DSM31_DIA100_5128_report.stats.tsv	024_Bacillus_cereus_DSM31_DIA100_5128	Probe 97-192_100SPD_diaPASEF_diann_res	22199	Bacillus cereus	1396	UniProt	UP000001417	DSM 31	ATCC 14579	5240	46.164122137404576
/Probe 97-192_100SPD_diaPASEF/BacLandscape_100SPD_diaPASEF_Bacillus_halotolerans_145_2-6-2024_5150.d	27188	2394	1800750000.0	21446111340	692084996600	2.277	0.035	3.79874	1.54147	2.46593	1.64896	0	0	0.107672	14.221	2.418	0.224	100SPD_DIA	026_Bacillus_halotolerans_LNXM37_DIA100_5150_report.stats.tsv	026_Bacillus_halotolerans_LNXM37_DIA100_5150	Probe 97-192_100SPD_diaPASEF_diann_res	22461	Bacillus halotolerans	260554	UniProt	UP000234803	LNXM37	V48-19	4109	58.262350936967636
/Probe 97-192_100SPD_diaPASEF/BacLandscape_100SPD_diaPASEF_Bacillus_safensis_166_2-6-2024_5192.d	22347	2055	1439290000.0	19361842371	580912495854	2.234	0.035	3.42673	1.61637	2.17133	1.64822	0	0	0.118	13.98	2.415	0.215	100SPD_DIA	028_Bacillus_safensis_GBSW22_DIA100_5192_report.stats.tsv	028_Bacillus_safensis_GBSW22_DIA100_5192	Probe 97-192_100SPD_diaPASEF_diann_res	18479	Bacillus safensis	561879	UniProt	UP000325032	GBSW22	PgKB20	3746	54.85851575013348
100SPD_dia/030_Bacillus_sp._LLTC93_DIA100_5146.d	22305	942	1295280000.0	18676169833	536881023068	2.285	0.036	3.13356	1.49972	2.17865	1.75511	0	0	0.122058	13.718	2.401	0.209	100SPD_DIA	030_Bacillus_sp._LLTC93_DIA100_5146_report.stats.tsv	030_Bacillus_sp._LLTC93_DIA100_5146	Probe 97-192_100SPD_diaPASEF_diann_res	18570	Bacillus sp.	2108274	UniProt	UP000239823	LLTC93	LLTC93	3812	24.711437565582372
100SPD_dia/032_Bacillus_sp._RJGP41_DIA100_5194.d	20545	1028	1180150000.0	17878686000	497205147292	2.221	0.035	3.12164	1.58862	2.14791	1.78688	0	0	0.118089	13.417	2.352	0.179	100SPD_DIA	032_Bacillus_sp._RJGP41_DIA100_5194_report.stats.tsv	032_Bacillus_sp._RJGP41_DIA100_5194	Probe 97-192_100SPD_diaPASEF_diann_res	17644	Bacillus sp.	2108534	UniProt	UP000239042	RJGP41	RJGP41	5072	20.268138801261827
/Probe 97-192_100SPD_diaPASEF/BacLandscape_100SPD_diaPASEF_Bacillus_subtilis_ssp._subtilis_154_2-6-2024_5168.d	25350	2308	1537770000.0	19667324320	578227010560	2.296	0.036	3.42429	1.52631	2.35549	1.73563	0	0	0.115464	14.089	2.406	0.215	100SPD_DIA	034_Bacillus_subtilis_ssp_subtilis_SYST2_DIA100_5168_report.stats.tsv	034_Bacillus_subtilis_ssp_subtilis_SYST2_DIA100_5168	Probe 97-192_100SPD_diaPASEF_diann_res	21183	Bacillus subtilis_ssp_subtilis	135461	UniProt	UP000001570	SYST2	168	4260	54.178403755868544
/Probe 97-192_100SPD_diaPASEF/BacLandscape_100SPD_diaPASEF_Bacillus_subtilis_ssp._subtilis_157_2-6-2024_5174.d	27365	2372	1677040000.0	20024395153	612811714786	2.241	0.035	4.10835	1.47501	2.8396	1.67956	0	0	0.106577	14.144	2.416	0.215	100SPD_DIA	036_Bacillus_subtilis_ssp_subtilis_NMSX4_DIA100_5174_report.stats.tsv	036_Bacillus_subtilis_ssp_subtilis_NMSX4_DIA100_5174	Probe 97-192_100SPD_diaPASEF_diann_res	22752	Bacillus subtilis_ssp_subtilis	135461	UniProt	UP000001570	NMSX4	168	4260	55.68075117370892
/Probe 97-192_100SPD_diaPASEF/BacLandscape_100SPD_diaPASEF_Bacillus_subtilis__148_2-6-2024_5156.d	28290	2306	1603640000.0	19776241625	595125826210	2.214	0.034	3.56998	1.51482	2.27738	1.70182	0	0	0.119701	13.97	2.4	0.215	100SPD_DIA	038_Bacillus_subtilis_DSM10_DIA100_5156_report.stats.tsv	038_Bacillus_subtilis_DSM10_DIA100_5156	Probe 97-192_100SPD_diaPASEF_diann_res	23686	Bacillus subtilis	1423	UniProt	UP000306535	DSM 10	DSM 10	4390	52.52847380410023
/Probe 97-192_100SPD_diaPASEF/BacLandscape_100SPD_diaPASEF_Bacillus_thuringiensis_164_2-6-2024_5188.d	17311	1904	1256100000.0	18731878818	548207861836	2.268	0.035	3.5311	1.48653	2.12547	1.6449	0	0	0.118871	13.817	2.39	0.207	100SPD_DIA	040_Bacillus_thuringiensis_GBAC46_DIA100_5188_report.stats.tsv	040_Bacillus_thuringiensis_GBAC46_DIA100_5188	Probe 97-192_100SPD_diaPASEF_diann_res	14509	Bacillus thuringiensis	1428	UniProt	UP000195991	GBAC46	IEBC_T61001	6099	31.21823249713068
/Probe 97-192_100SPD_diaPASEF/BacLandscape_100SPD_diaPASEF_Bacillus_thuringiensis_160_2-6-2024_5180.d	17860	1935	1197570000.0	18189495787	520662512148	2.282	0.036	3.91432	1.50637	2.66023	1.54664	0	0	0.117277	13.748	2.391	0.203	100SPD_DIA	042_Bacillus_thuringiensis_NMTD81_DIA100_5180_report.stats.tsv	042_Bacillus_thuringiensis_NMTD81_DIA100_5180	Probe 97-192_100SPD_diaPASEF_diann_res	15037	Bacillus thuringiensis	1428	UniProt	UP000195991	NMTD81	IEBC_T61001	6099	31.726512543039842
/Probe 97-192_100SPD_diaPASEF/BacLandscape_100SPD_diaPASEF_Bacillus_velezensis_162_2-6-2024_5184.d	18503	1814	1140260000.0	17832611237	489409702460	2.238	0.035	3.50951	1.50727	2.41972	1.60479	0	0	0.117744	13.711	2.385	0.203	100SPD_DIA	044_Bacillus_velezensis_GBSW11_DIA100_5184_report.stats.tsv	044_Bacillus_velezensis_GBSW11_DIA100_5184	Probe 97-192_100SPD_diaPASEF_diann_res	15515	Bacillus velezensis	492670	UniProt	UP000180036	GBSW11	K2	3790	47.86279683377309
/Probe 97-192_100SPD_diaPASEF/BacLandscape_100SPD_diaPASEF_Burkholderia_cepacia__114_2-5-2024_5088.d	15446	2237	933582000.0	18907317727	556309499220	2.366	0.037	2.10997	1.52679	1.61814	1.58844	0	0	0.110669	13.488	2.346	0.156	100SPD_DIA	045_Burkholderia_cepacia_DSM50181_DIA100_5088_report.stats.tsv	045_Burkholderia_cepacia_DSM50181_DIA100_5088	Probe 97-192_100SPD_diaPASEF_diann_res	13274	Burkholderia cepacia	292	UniProt	UP000002287	DSM 50181	R1808	7409	30.19300850317182
/Probe 97-192_100SPD_diaPASEF/BacLandscape_100SPD_diaPASEF_Bacillus_velezensis__141_2-6-2024_5142.d	19744	1890	1239410000.0	18016213099	507060725222	2.281	0.035	3.11312	1.56636	2.26658	1.76175	0	0	0.122788	13.921	2.418	0.242	100SPD_DIA	046_Bacillus_velezensis_DSM23117_DIA100_5142_report.stats.tsv	046_Bacillus_velezensis_DSM23117_DIA100_5142	Probe 97-192_100SPD_diaPASEF_diann_res	16413	Bacillus velezensis	492670	UniProt	UP000180036	DSM23117	K2	3790	49.86807387862797
/Probe 97-192_100SPD_diaPASEF/BacLandscape_100SPD_diaPASEF_Bacillus_wiedmannii_156_2-6-2024_5172.d	23023	2233	1399540000.0	18191826895	519169943824	2.177	0.034	3.91088	1.47229	2.44773	1.73756	0	0	0.112797	13.965	2.404	0.212	100SPD_DIA	048_Bacillus_wiedmannii_GBSC29_DIA100_5172_report.stats.tsv	048_Bacillus_wiedmannii_GBSC29_DIA100_5172	Probe 97-192_100SPD_diaPASEF_diann_res	19388	Bacillus wiedmannii	1890302	UniProt	UP000221415	GBSC29	AFS078153	5753	38.81453154875717
/Probe 97-192_100SPD_diaPASEF/BacLandscape_100SPD_diaPASEF_Bacillus_wiedmannii_158_2-6-2024_5176.d	22131	2181	1419300000.0	18614017304	541171407312	2.263	0.035	4.34122	1.63377	2.76003	1.64528	0	0	0.117007	13.957	2.401	0.21	100SPD_DIA	050_Bacillus_wiedmannii_GBSC45_DIA100_5176_report.stats.tsv	050_Bacillus_wiedmannii_GBSC45_DIA100_5176	Probe 97-192_100SPD_diaPASEF_diann_res	18607	Bacillus wiedmannii	1890302	UniProt	UP000221415	GBSC45	AFS078153	5753	37.9106553102729
/Probe 97-192_100SPD_diaPASEF/BacLandscape_100SPD_diaPASEF_Campylobacter_coli_111_2-5-2024_5082.d	18700	1371	1313530000.0	18980781558	532464749528	2.207	0.034	1.86268	1.52524	1.79771	1.64277	0	0	0.116912	13.379	2.357	0.234	100SPD_DIA	051_Campylobacter_coli_DSM4689_DIA100_5082_report.stats.tsv	051_Campylobacter_coli_DSM4689_DIA100_5082	Probe 97-192_100SPD_diaPASEF_diann_res	15637	Campylobacter coli	195	UniProt	UP000361993	DSM 4689(T)	NC_C6016	1916	71.5553235908142
/Probe 97-192_100SPD_diaPASEF/BacLandscape_100SPD_diaPASEF_Bacillus_wiedmannii_159_2-6-2024_5178.d	21516	2189	1402620000.0	17866852203	502328913980	2.289	0.036	3.95925	1.42614	2.42814	1.54997	0	0	0.118558	13.868	2.393	0.212	100SPD_DIA	052_Bacillus_wiedmannii_LLCG23_DIA100_5178_report.stats.tsv	052_Bacillus_wiedmannii_LLCG23_DIA100_5178	Probe 97-192_100SPD_diaPASEF_diann_res	18055	Bacillus wiedmannii	1890302	UniProt	UP000221415	LLCG23	AFS078153	5753	38.04971319311664
/Probe 97-192_100SPD_diaPASEF/BacLandscape_100SPD_diaPASEF_Campylobacter_coli_116_2-5-2024_5092.d	17030	1338	1123950000.0	16856381898	420108480018	2.286	0.036	2.01248	1.50951	1.68513	1.61298	0	0	0.113097	13.01	2.315	0.197	100SPD_DIA	053_Campylobacter_coli_DSM24132_DIA100_5092_report.stats.tsv	053_Campylobacter_coli_DSM24132_DIA100_5092	Probe 97-192_100SPD_diaPASEF_diann_res	14493	Campylobacter coli	195	UniProt	UP000361993	DSM 24132	NC_C6016	1916	69.8329853862213
/Probe 97-192_100SPD_diaPASEF/BacLandscape_100SPD_diaPASEF_Bacillus_wiedmannii_155_2-6-2024_5170.d	21561	2108	1453980000.0	18680018142	540892049872	2.289	0.036	3.87316	1.499	2.29824	1.64488	0	0	0.115877	13.924	2.403	0.219	100SPD_DIA	054_Bacillus_wiedmannii_NMSL88_DIA100_5170_report.stats.tsv	054_Bacillus_wiedmannii_NMSL88_DIA100_5170	Probe 97-192_100SPD_diaPASEF_diann_res	18082	Bacillus wiedmannii	1890302	UniProt	UP000221415	NMSL88	AFS078153	5753	36.64175212932383
/Probe 97-192_100SPD_diaPASEF/BacLandscape_100SPD_diaPASEF_Campylobacter_jejuni_118_2-5-2024_5096.d	16544	1259	1048390000.0	17689649041	466585324540	2.239	0.035	2.66247	1.4009	2.02344	1.78755	0	0	0.124898	13.218	2.34	0.226	100SPD_DIA	056_Campylobacter_jejuni_DSM24114_DIA100_5096_report.stats.tsv	056_Campylobacter_jejuni_DSM24114_DIA100_5096	Probe 97-192_100SPD_diaPASEF_diann_res	13954	Campylobacter jejuni	197	UniProt	UP000000799	DSM 24114	ATCC 700819	1623	77.57239679605668
/Probe 97-192_100SPD_diaPASEF/BacLandscape_100SPD_diaPASEF_Bacillus_wiedmannii_163_2-6-2024_5186.d	23312	2296	1426090000.0	18525959316	534788480032	2.237	0.035	3.49837	1.5116	2.26871	1.80196	0	0	0.115471	13.956	2.399	0.207	100SPD_DIA	057_Bacillus_wiedmannii_NMSW23_DIA100_5186_report.stats.tsv	057_Bacillus_wiedmannii_NMSW23_DIA100_5186	Probe 97-192_100SPD_diaPASEF_diann_res	19602	Bacillus wiedmannii	1890302	UniProt	UP000221415	NMSW23	AFS078153	5753	39.90961237615157
/Probe 97-192_100SPD_diaPASEF/BacLandscape_100SPD_diaPASEF_Burkholderia_cepacia__150_2-6-2024_5160.d	16467	2152	1101060000.0	18955233032	564526217430	2.351	0.037	3.61833	1.60308	2.21597	1.73121	0	0	0.117379	13.785	2.382	0.171	100SPD_DIA	058_Burkholderia_cepacia_DSM7288_DIA100_5160_report.stats.tsv	058_Burkholderia_cepacia_DSM7288_DIA100_5160	Probe 97-192_100SPD_diaPASEF_diann_res	13931	Burkholderia cepacia	292	UniProt	UP000002287	DSM 7288(T)	R1808	7409	29.04575516264003
/Probe 97-192_100SPD_diaPASEF/BacLandscape_100SPD_diaPASEF_Citrobacter_freundii_147_2-6-2024_5154.d	13357	1755	1104300000.0	20433707781	627217116224	2.282	0.036	4.16373	1.62311	2.50491	1.53491	0	0	0.121304	13.734	2.378	0.174	100SPD_DIA	060_Citrobacter_freundii_DSM30039_DIA100_5154_report.stats.tsv	060_Citrobacter_freundii_DSM30039_DIA100_5154	Probe 97-192_100SPD_diaPASEF_diann_res	11159	Citrobacter freundii	546	UniProt	UP000001889	DSM 30039(T)	ICC168	4792	36.62353923205342
/Probe 97-192_100SPD_diaPASEF/BacLandscape_100SPD_diaPASEF_Enterobacter_cloacae__136_2-6-2024_5132.d	20130	2220	1179540000.0	17506223571	480919651260	2.298	0.036	2.70098	1.4098	1.99801	1.75526	0	0	0.126724	13.849	2.4	0.18	100SPD_DIA	062_Enterobacter_quasiroggenkampii_E34_DIA100_5132_report.stats.tsv	062_Enterobacter_quasiroggenkampii_E34_DIA100_5132	Probe 97-192_100SPD_diaPASEF_diann_res	16973	Enterobacter quasiroggenkampii	550	UniProt	UP001161707	E34	GD03711	5248	42.301829268292686
/Probe 97-192_100SPD_diaPASEF/BacLandscape_100SPD_diaPASEF_Clostridioides_difficile_124_2-5-2024_5108.d	21361	1785	1290910000.0	19106101064	542073894848	2.197	0.034	2.74187	1.49967	1.96486	1.85747	0	0	0.118003	13.717	2.363	0.271	100SPD_DIA	067_Clostridioides_difficile_DSM12056_DIA100_5108_report.stats.tsv	067_Clostridioides_difficile_DSM12056_DIA100_5108	Probe 97-192_100SPD_diaPASEF_diann_res	18156	Clostridioides difficile	1496	UniProt	UP000001978	DSM 12056	strain 630	3762	47.4481658692185
/Probe 97-192_100SPD_diaPASEF/BacLandscape_100SPD_diaPASEF_Bordetella_pertussis_99_2-5-2024_5058.d	23834	2054	1541270000.0	20509294376	654838306080	2.307	0.036	1.68547	1.61543	2.04569	1.62391	0	0	0.133096	14.395	2.401	0.174	100SPD_DIA	068_Bordetella_pertussis_DSM4924_DIA100_5058_report.stats.tsv	068_Bordetella_pertussis_DSM4924_DIA100_5058	Probe 97-192_100SPD_diaPASEF_diann_res	19793	Bordetella pertussis	520	UniProt	UP000002676	DSM 4924	NCTC 13251	3258	63.04481276856968
/Probe 97-192_100SPD_diaPASEF/BacLandscape_100SPD_diaPASEF_Brevundimonas_intermedia_98_2-5-2024_5055.d	10301	1448	1060850000.0	21602879324	688555908648	2.38	0.037	1.78991	1.61411	1.95298	1.58913	0	0	0.115571	13.856	2.361	0.188	100SPD_DIA	074_Brevundimonas_intermedia_DSM4732_DIA100_5055_report.stats.tsv	074_Brevundimonas_intermedia_DSM4732_DIA100_5055	Probe 97-192_100SPD_diaPASEF_diann_res	8657	Brevundimonas intermedia	74315	UniProt	UP000298216	DSM 4732(T)	B-10	3176	45.5919395465995
/Probe 97-192_100SPD_diaPASEF/BacLandscape_100SPD_diaPASEF_Clostridium_perfringens__105_2-5-2024_5070.d	20189	1640	1467830000.0	19051082032	534493489976	2.227	0.035	1.72949	1.63254	1.82947	1.59504	0	0	0.127676	13.675	2.346	0.257	100SPD_DIA	075_Clostridium_perfringens_DSM756_DIA100_5070_report.stats.tsv	075_Clostridium_perfringens_DSM756_DIA100_5070	Probe 97-192_100SPD_diaPASEF_diann_res	17115	Clostridium perfringens	1502	UniProt	UP000001823	DSM 756(T)	DSM 756	2873	57.083188304907765
/Probe 97-192_100SPD_diaPASEF/BacLandscape_100SPD_diaPASEF_Clostridium_perfringens__125_2-5-2024_5110.d	19451	1575	1306920000.0	18488084318	510122177974	2.222	0.035	2.94231	1.52597	2.03049	1.65266	0	0	0.118533	13.567	2.347	0.248	100SPD_DIA	077_Clostridium_perfringens_DSM798_DIA100_5110_report.stats.tsv	077_Clostridium_perfringens_DSM798_DIA100_5110	Probe 97-192_100SPD_diaPASEF_diann_res	16588	Clostridium perfringens	1502	UniProt	UP000000818	DSM 798	strain 13	2721	57.88313120176406
/Probe 97-192_100SPD_diaPASEF/BacLandscape_100SPD_diaPASEF_Clostridium_tetani__128_2-6-2024_5116.d	18277	1502	1258360000.0	20240916134	586708976784	2.253	0.035	3.16642	1.68437	2.06013	1.84034	0	0	0.123924	13.564	2.34	0.263	100SPD_DIA	079_Clostridium_tetani_DSM11744_DIA100_5116_report.stats.tsv	079_Clostridium_tetani_DSM11744_DIA100_5116	Probe 97-192_100SPD_diaPASEF_diann_res	15597	Clostridium tetani	1513	UniProt	UP000001412	DSM 11744	E88	2415	62.19461697722567
/Probe 97-192_100SPD_diaPASEF/BacLandscape_100SPD_diaPASEF_Clostridium_tetani__103_2-5-2024_5066.d	18664	1514	1276600000.0	20556058849	610035655052	2.22	0.035	1.81293	1.67364	1.8181	1.70146	0	0	0.116807	13.604	2.336	0.254	100SPD_DIA	080_Clostridium_tetani_DSM11745_DIA100_5066_report.stats.tsv	080_Clostridium_tetani_DSM11745_DIA100_5066	Probe 97-192_100SPD_diaPASEF_diann_res	15979	Clostridium tetani	1513	UniProt	UP000001412	DSM 11745	E88	2415	62.69151138716356
/Probe 97-192_100SPD_diaPASEF/BacLandscape_100SPD_diaPASEF_Cutibacterium_acnes_subsp._acnes_101_2-5-2024_5062.d	18612	1581	1361590000.0	18572947639	535141416456	2.271	0.035	1.65269	1.61391	2.12196	1.64217	0	0	0.114969	14.623	2.447	0.193	100SPD_DIA	082_Cutibacterium_acnes_ssp_acnes_DSM1897_DIA100_5062_report.stats.tsv	082_Cutibacterium_acnes_ssp_acnes_DSM1897_DIA100_5062	Probe 97-192_100SPD_diaPASEF_diann_res	15217	Cutibacterium acnes_ssp_acnes	1734925	UniProt	UP000000603	DSM 1897(T)	DSM 16379	2294	68.91891891891892
/Probe 97-192_100SPD_diaPASEF/BacLandscape_100SPD_diaPASEF_Cutibacterium_acnes_subsp._acnes_102_2-5-2024_5064.d	20703	1676	1383350000.0	18166852504	518290703440	2.335	0.036	1.70329	1.65054	1.88588	1.6321	0	0	0.124748	14.833	2.465	0.197	100SPD_DIA	083_Cutibacterium_acnes_ssp_acnes_DSM16379_DIA100_5064_report.stats.tsv	083_Cutibacterium_acnes_ssp_acnes_DSM16379_DIA100_5064	Probe 97-192_100SPD_diaPASEF_diann_res	16892	Cutibacterium acnes_ssp_acnes	1734925	UniProt	UP000000603	DSM 16379	DSM 16379	2294	73.06015693112468
/Probe 97-192_100SPD_diaPASEF/BacLandscape_100SPD_diaPASEF_Cutibacterium_acnes_subsp._acnes_104_2-5-2024_5068.d	16745	1548	1252710000.0	18551131210	526092616782	2.303	0.036	1.6759	1.58387	1.90974	1.65903	0	0	0.120653	14.58	2.448	0.194	100SPD_DIA	084_Cutibacterium_acnes_ssp_acnes_DSM108415_DIA100_5068_report.stats.tsv	084_Cutibacterium_acnes_ssp_acnes_DSM108415_DIA100_5068	Probe 97-192_100SPD_diaPASEF_diann_res	13711	Cutibacterium acnes_ssp_acnes	1734925	UniProt	UP000000603	DSM 108415	DSM 16379	2294	67.48038360941587
/Probe 97-192_100SPD_diaPASEF/BacLandscape_100SPD_diaPASEF_Cutibacterium_granulosum__126_2-5-2024_5112.d	18110	1571	1413460000.0	19386804361	577249105098	2.306	0.036	2.59852	1.6441	1.92389	1.73966	0	0	0.116143	14.804	2.474	0.201	100SPD_DIA	085_Cutibacterium_granulosum_DSM20700_DIA100_5112_report.stats.tsv	085_Cutibacterium_granulosum_DSM20700_DIA100_5112	Probe 97-192_100SPD_diaPASEF_diann_res	14553	Cutibacterium granulosum	33011	UniProt	UP000016307	DSM 20700(T)	DSM 20700	1962	80.07135575942915
/Probe 97-192_100SPD_diaPASEF/BacLandscape_100SPD_diaPASEF_Cutibacterium_granulosum__127_2-6-2024_5114.d	18241	1596	1251870000.0	17609200129	484012931700	2.27	0.035	2.56926	1.48161	1.98013	1.63713	0	0	0.123819	14.719	2.46	0.194	100SPD_DIA	086_Cutibacterium_granulosum_DSM20458_DIA100_5114_report.stats.tsv	086_Cutibacterium_granulosum_DSM20458_DIA100_5114	Probe 97-192_100SPD_diaPASEF_diann_res	14860	Cutibacterium granulosum	33011	UniProt	UP000016307	DSM 20458	DSM 20700	1962	81.34556574923548
/Probe 97-192_100SPD_diaPASEF/BacLandscape_100SPD_diaPASEF_Helicobacter_pylori___108_2-5-2024_5076.d	13440	1099	1048770000.0	19155807030	533346612696	2.25	0.035	1.721	1.5614	1.99323	1.74477	0	0	0.112181	13.483	2.384	0.238	100SPD_DIA	092_Helicobacter_pylori_DSM7492_DIA100_5076_report.stats.tsv	092_Helicobacter_pylori_DSM7492_DIA100_5076	Probe 97-192_100SPD_diaPASEF_diann_res	10962	Helicobacter pylori	210	UniProt	UP000000429	DSM 7492	ATCC 700392	1554	70.72072072072072
/Probe 97-192_100SPD_diaPASEF/BacLandscape_100SPD_diaPASEF_Helicobacter_pylori___107_2-5-2024_5074.d	14082	1140	1049040000.0	18481302166	501483688216	2.234	0.035	1.64356	1.47178	1.83374	1.6375	0	0	0.119135	13.307	2.371	0.222	100SPD_DIA	093_Helicobacter_pylori_DSM10242_DIA100_5074_report.stats.tsv	093_Helicobacter_pylori_DSM10242_DIA100_5074	Probe 97-192_100SPD_diaPASEF_diann_res	11590	Helicobacter pylori	210	UniProt	UP000000429	DSM 10242	ATCC 700392	1554	73.35907335907336
/Probe 97-192_100SPD_diaPASEF/BacLandscape_100SPD_diaPASEF_Escherichia_coli__135_2-6-2024_5130.d	22292	2113	1304330000.0	17654675353	481727584274	2.297	0.036	2.96706	1.48668	2.1094	1.75812	0	0	0.116213	14.145	2.407	0.184	100SPD_DIA	109_Escherichia_coli_DSM3871_DIA100_5130_report.stats.tsv	109_Escherichia_coli_DSM3871_DIA100_5130	Probe 97-192_100SPD_diaPASEF_diann_res	18908	Escherichia coli	562	UniProt	UP000008205	DSM 3871	E2348/69 / EPEC	4594	45.99477579451459
/Probe 97-192_100SPD_diaPASEF/BacLandscape_100SPD_diaPASEF_Enterococcus_faecalis__169_2-6-2024_5198.d	18160	1562	906221000.0	15247042768	368479847628	2.256	0.035	2.80311	1.33796	2.25942	1.84395	0	0	0.123912	13.928	2.388	0.196	100SPD_DIA	112_Enterococcus_faecalis_DSM20371_DIA100_5198_report.stats.tsv	112_Enterococcus_faecalis_DSM20371_DIA100_5198	Probe 97-192_100SPD_diaPASEF_diann_res	15472	Enterococcus faecalis	1351	UniProt	UP000001415	DSM 20371	ATCC 700802	3240	48.20987654320988
/Probe 97-192_100SPD_diaPASEF/BacLandscape_100SPD_diaPASEF_Enterococcus_faecium__182_2-7-2024_5224.d	14823	1371	944584000.0	16292008794	432383033240	2.269	0.035	1.97539	1.31425	1.7083	1.6718	0	0	0.0995833	13.77	2.397	0.222	100SPD_DIA	114_Enterococcus_faecium_UW6713_DIA100_5224_report.stats.tsv	114_Enterococcus_faecium_UW6713_DIA100_5224	Probe 97-192_100SPD_diaPASEF_diann_res	12496	Enterococcus faecium	1352	UniProt	UP000010553	UW6713	E1590	2877	47.653806047966626
/Probe 97-192_100SPD_diaPASEF/BacLandscape_100SPD_diaPASEF_Klebsiella_oxytoca__172_2-6-2024_5204.d	21777	2507	953517000.0	15395253784	383041682452	2.289	0.036	2.41214	1.33672	2.09598	1.78569	0	0	0.111535	13.957	2.395	0.161	100SPD_DIA	115_Klebsiella_oxytoca_CCUG_15788_DIA100_5204_report.stats.tsv	115_Klebsiella_oxytoca_CCUG_15788_DIA100_5204	Probe 97-192_100SPD_diaPASEF_diann_res	18860	Klebsiella oxytoca	571	UniProt	UP000247485	CCUG 15788	67	5789	43.30627051304198
/Probe 97-192_100SPD_diaPASEF/BacLandscape_100SPD_diaPASEF_Pseudomonas_aeruginosa___149_2-6-2024_5158.d	34819	3347	1686130000.0	19368958332	588220595064	2.302	0.036	3.33511	1.55565	1.94746	1.61417	0	0	0.130746	14.26	2.405	0.178	100SPD_DIA	118_Pseudomonas_aeruginosa_DSM50071_DIA100_5158_report.stats.tsv	118_Pseudomonas_aeruginosa_DSM50071_DIA100_5158	Probe 97-192_100SPD_diaPASEF_diann_res	29618	Pseudomonas aeruginosa	287	UniProt	UP000002438	DSM 50071(T)(=ATCC 10145)	DSM 22644	5563	60.16537839295344
/Probe 97-192_100SPD_diaPASEF/BacLandscape_100SPD_diaPASEF_Pseudomonas_aeruginosa___170_2-6-2024_5200.d	27563	2898	1060460000.0	15451948072	378245710564	2.306	0.036	2.42644	1.41373	2.0369	1.83856	0	0	0.122201	13.919	2.378	0.159	100SPD_DIA	119_Pseudomonas_aeruginosa_DSM1117_DIA100_5200_report.stats.tsv	119_Pseudomonas_aeruginosa_DSM1117_DIA100_5200	Probe 97-192_100SPD_diaPASEF_diann_res	23876	Pseudomonas aeruginosa	287	UniProt	UP000002438	DSM 1117(=ATCC 27853)	DSM 22644	5563	52.09419378033435
/Probe 97-192_100SPD_diaPASEF/BacLandscape_100SPD_diaPASEF_Pseudomonas_aeruginosa___178_2-6-2024_5216.d	28660	3026	1019580000.0	15184357980	376793409706	2.313	0.036	2.61873	1.44822	2.13018	1.8128	0	0	0.123798	14.054	2.388	0.161	100SPD_DIA	121_Pseudomonas_aeruginosa_DSM29238_DIA100_5216_report.stats.tsv	121_Pseudomonas_aeruginosa_DSM29238_DIA100_5216	Probe 97-192_100SPD_diaPASEF_diann_res	24944	Pseudomonas aeruginosa	287	UniProt	UP000002438	DSM 29238	DSM 22644	5563	54.395110551860505
/Probe 97-192_100SPD_diaPASEF/BacLandscape_100SPD_diaPASEF_Ralstonia_pickettii_139_2-6-2024_5138.d	24467	2173	1327840000.0	17662854625	490874868596	2.314	0.036	2.83989	1.40175	2.04305	1.73755	0	0	0.1132	14.331	2.432	0.212	100SPD_DIA	127_Ralstonia_pickettii_DSM6297_DIA100_5138_report.stats.tsv	127_Ralstonia_pickettii_DSM6297_DIA100_5138	Probe 97-192_100SPD_diaPASEF_diann_res	20325	Ralstonia pickettii	329	UniProt	UP000441032	DSM 6297(T)(=ATCC 27511)	PSLESD1	4773	45.52692227110832
/Probe 97-192_100SPD_diaPASEF/BacLandscape_100SPD_diaPASEF_Klebsiella_oxytoca__192_2-7-2024_5244.d	19752	2448	1095560000.0	17639319207	488059052518	2.282	0.036	2.46574	1.38331	1.92154	1.67449	0	0	0.111879	13.827	2.401	0.178	100SPD_DIA	128_Klebsiella_oxytoca_Oman_61_DIA100_5244_report.stats.tsv	128_Klebsiella_oxytoca_Oman_61_DIA100_5244	Probe 97-192_100SPD_diaPASEF_diann_res	16805	Klebsiella oxytoca	571	UniProt	UP000247485	Oman 61	67	5789	42.28709621696321
/Probe 97-192_100SPD_diaPASEF/BacLandscape_100SPD_diaPASEF_Klebsiella_pneumoniae_subsp._ozaenae_190_2-7-2024_5240.d	27144	2509	1420860000.0	18254613444	525195656376	2.238	0.035	2.41867	1.58186	1.89096	1.76819	0	0	0.117075	14.364	2.429	0.183	100SPD_DIA	131_Klebsiella_pneumoniae_ssp_ozaenae_ATCC25926_DIA100_5240_report.stats.tsv	131_Klebsiella_pneumoniae_ssp_ozaenae_ATCC25926_DIA100_5240	Probe 97-192_100SPD_diaPASEF_diann_res	22752	Klebsiella pneumoniae_ssp_ozaenae	574	UniProt	UP000007841	ATCC 25926	HS11286	5728	43.802374301675975
/Probe 97-192_100SPD_diaPASEF/BacLandscape_100SPD_diaPASEF_Proteus_mirabilis__191_2-7-2024_5242.d	12815	1556	909030000.0	17664260678	487747552176	2.288	0.036	2.63793	1.50546	1.88914	1.59209	0	0	0.122582	13.831	2.401	0.198	100SPD_DIA	134_Proteus_columbae_MN12_DIA100_5242_report.stats.tsv	134_Proteus_columbae_MN12_DIA100_5242	Probe 97-192_100SPD_diaPASEF_diann_res	10656	Proteus columbae	584	UniProt	UP000008319	MN12	HI4320	3661	42.50204862059547
/Probe 97-192_100SPD_diaPASEF/BacLandscape_100SPD_diaPASEF_Corynebacterium_diphtheriae_100_2-5-2024_5060.d	18518	1540	1529170000.0	20163780752	619120270470	2.313	0.036	1.69307	1.70364	2.14462	1.59149	0	0	0.126257	14.652	2.441	0.19	100SPD_DIA	136_Corynebacterium_diphtheriae_DSM43989_DIA100_5060_report.stats.tsv	136_Corynebacterium_diphtheriae_DSM43989_DIA100_5060	Probe 97-192_100SPD_diaPASEF_diann_res	14983	Corynebacterium diphtheriae	1717	UniProt	UP000002198	DSM 43989	ATCC 700971	2265	67.99116997792495
/Probe 97-192_100SPD_diaPASEF/BacLandscape_100SPD_diaPASEF_Ralstonia_pickettii_173_2-6-2024_5206.d	15978	1997	898929000.0	16784060819	443674343504	2.36	0.037	2.73266	1.39971	2.08856	1.65601	0	0	0.112182	13.462	2.364	0.165	100SPD_DIA	145_Ralstonia_insidiosa_Rp_127_DIA100_5206_report.stats.tsv	145_Ralstonia_insidiosa_Rp_127_DIA100_5206	Probe 97-192_100SPD_diaPASEF_diann_res	13626	Ralstonia insidiosa	329	UniProt	UP000441032	Rp 127	PSLESD1	4773	41.83951393253719
/Probe 97-192_100SPD_diaPASEF/BacLandscape_100SPD_diaPASEF_Staphylococcus_aureus__186_2-7-2024_5232.d	21820	1705	1097890000.0	15699424213	393648483132	2.179	0.034	1.45766	1.31327	2.02205	1.87766	0	0	0.108999	14.005	2.436	0.24	100SPD_DIA	146_Staphylococcus_aureus_DSM4910_DIA100_5232_report.stats.tsv	146_Staphylococcus_aureus_DSM4910_DIA100_5232	Probe 97-192_100SPD_diaPASEF_diann_res	18168	Staphylococcus aureus	1280	UniProt	UP000008816	DSM 4910	NCTC 8325	2889	59.01696088611976
/Probe 97-192_100SPD_diaPASEF/BacLandscape_100SPD_diaPASEF_Salmonella_enterica_subsp._enterica_Serovar_enteritidis___177_2-6-2024_5214.d	25221	2393	1260100000.0	17498620504	480323155552	2.246	0.035	2.75337	1.39798	2.03328	1.7262	0	0	0.108226	14.128	2.408	0.181	100SPD_DIA	148_Salmonella_enterica_sv_enteritidis_LT21-Ib_08-01796_DIA100_5214_report.stats.tsv	148_Salmonella_enterica_sv_enteritidis_LT21-Ib_08-01796_DIA100_5214	Probe 97-192_100SPD_diaPASEF_diann_res	21514	Salmonella enterica_sv_enteritidis	149539	UniProt	UP000839889	Lt21/lb 08/01796	WAPHL-SAL-A01127	4868	49.15776499589153
/Probe 97-192_100SPD_diaPASEF/BacLandscape_100SPD_diaPASEF_Staphylococcus_aureus__188_2-7-2024_5236.d	21978	1755	1070490000.0	15930687284	408723509448	2.151	0.033	1.73809	1.41729	1.99	1.88952	0	0	0.105131	13.962	2.444	0.253	100SPD_DIA	149_Staphylococcus_aureus_DSM25693_DIA100_5236_report.stats.tsv	149_Staphylococcus_aureus_DSM25693_DIA100_5236	Probe 97-192_100SPD_diaPASEF_diann_res	18248	Staphylococcus aureus	1280	UniProt	UP000008816	DSM 25693	NCTC 8325	2889	60.747663551401864
/Probe 97-192_100SPD_diaPASEF/BacLandscape_100SPD_diaPASEF_Salmonella_enterica_subsp._enterica_Serovar_typhimurium___171_2-6-2024_5202.d	27939	2499	1158160000.0	16048897516	418934039548	2.223	0.035	2.59412	1.38141	2.02725	1.76229	0	0	0.103004	14.323	2.435	0.198	100SPD_DIA	151_Salmonella_enterica_sv_typhimurium_DT104_08-01627_DIA100_5202_report.stats.tsv	151_Salmonella_enterica_sv_typhimurium_DT104_08-01627_DIA100_5202	Probe 97-192_100SPD_diaPASEF_diann_res	23707	Salmonella enterica_sv_typhimurium	90371	UniProt	UP000839889	DT104 08/01627	WAPHL-SAL-A01127	4868	51.33525061626951
/Probe 97-192_100SPD_diaPASEF/BacLandscape_100SPD_diaPASEF_Staphylococcus_epidermidis__131_2-6-2024_5122.d	18425	1426	917006000.0	15762515435	384951928152	2.256	0.035	2.21962	1.35018	1.84157	1.76234	0	0	0.124615	13.872	2.44	0.256	100SPD_DIA	152_Staphylococcus_epidermidis_DSM1798_DIA100_5122_report.stats.tsv	152_Staphylococcus_epidermidis_DSM1798_DIA100_5122	Probe 97-192_100SPD_diaPASEF_diann_res	15222	Staphylococcus epidermidis	1282	UniProt	UP000000531	DSM 1798	ATCC 35984	2492	57.223113964687
/Probe 97-192_100SPD_diaPASEF/BacLandscape_100SPD_diaPASEF_Shigella_boydii__174_2-6-2024_5208.d	22016	1931	1228540000.0	17078046530	463923963420	2.243	0.035	2.90347	1.43833	2.02811	1.67467	0	0	0.117987	13.997	2.405	0.188	100SPD_DIA	154_Shigella_boydii_06-06820_DIA100_5208_report.stats.tsv	154_Shigella_boydii_06-06820_DIA100_5208	Probe 97-192_100SPD_diaPASEF_diann_res	18559	Shigella boydii	621	UniProt	UP000001030	06/06820	BS512	4143	46.60873762973691
/Probe 97-192_100SPD_diaPASEF/BacLandscape_100SPD_diaPASEF_Klebsiella_aerogenes___180_2-7-2024_5220.d	28719	2740	1300560000.0	16987894504	462623138444	2.253	0.035	2.31076	1.52788	1.98493	1.82976	0	0	0.115367	14.237	2.416	0.181	100SPD_DIA	156_Klebsiella_aerogenes_E19_DIA100_5220_report.stats.tsv	156_Klebsiella_aerogenes_E19_DIA100_5220	Probe 97-192_100SPD_diaPASEF_diann_res	24519	Klebsiella aerogenes	548	UniProt	UP000008881	E19	DSM 30053	4909	55.815848441637804
/Probe 97-192_100SPD_diaPASEF/BacLandscape_100SPD_diaPASEF_Shigella_flexneri__176_2-6-2024_5212.d	22595	2004	1307220000.0	17654795567	491933518800	2.219	0.034	2.61374	1.49331	1.92636	1.79347	0	0	0.124299	14.114	2.407	0.196	100SPD_DIA	157_Shigella_flexneri_3A_07-02503_DIA100_5212_report.stats.tsv	157_Shigella_flexneri_3A_07-02503_DIA100_5212	Probe 97-192_100SPD_diaPASEF_diann_res	19064	Shigella flexneri	623	UniProt	UP000001006	3A 07/02503	301	4103	48.842310504508895
/Probe 97-192_100SPD_diaPASEF/BacLandscape_100SPD_diaPASEF_Staphylococcus_hominis_subspec._hominis_133_2-6-2024_5126.d	17368	1395	854680000.0	15200374671	360355302740	2.232	0.035	2.27549	1.38504	1.97682	1.67094	0	0	0.1264	13.882	2.449	0.277	100SPD_DIA	158_Staphylococcus_hominis_ssp_hominis_DSM20328_DIA100_5126_report.stats.tsv	158_Staphylococcus_hominis_ssp_hominis_DSM20328_DIA100_5126	Probe 97-192_100SPD_diaPASEF_diann_res	14333	Staphylococcus hominis_ssp_hominis	145391	UniProt	UP000241540	DSM 20328(T)	SNUC 5336	2351	59.33645257337303
/Probe 97-192_100SPD_diaPASEF/BacLandscape_100SPD_diaPASEF_Staphylococcus_aureus__132_2-6-2024_5124.d	20609	1612	1155360000.0	16982724856	442695588116	2.216	0.034	2.27729	1.42338	1.92896	1.86421	0	0	0.111937	14.07	2.437	0.239	100SPD_DIA	160_Staphylococcus_aureus_DSM20231_DIA100_5124_report.stats.tsv	160_Staphylococcus_aureus_DSM20231_DIA100_5124	Probe 97-192_100SPD_diaPASEF_diann_res	16972	Staphylococcus aureus	1280	UniProt	UP000008816	DSM 20231(T)	NCTC 8325	2889	55.79785392869505
/Probe 97-192_100SPD_diaPASEF/BacLandscape_100SPD_diaPASEF_Staphylococcus_lugdunensis_(CoNS)_137_2-6-2024_5134.d	21690	1695	1049950000.0	15528420969	383743829124	2.211	0.034	2.63064	1.25157	2.00865	1.75572	0	0	0.115911	13.855	2.447	0.257	100SPD_DIA	161_Staphylococcus_lugdunensis_DSM4804_DIA100_5134_report.stats.tsv	161_Staphylococcus_lugdunensis_DSM4804_DIA100_5134	Probe 97-192_100SPD_diaPASEF_diann_res	17915	Staphylococcus lugdunensis	28035	UniProt	UP000004055	DSM 4804(T)(=ATCC 43809)	M23590	2421	70.01239157372986
/Probe 97-192_100SPD_diaPASEF/BacLandscape_100SPD_diaPASEF_Staphylococcus_lugdunensis_(CoNS)_184_2-7-2024_5228.d	20583	1683	861473000.0	14453942037	348288268020	2.181	0.034	1.6258	1.34581	1.80877	1.74154	0	0	0.115419	14.01	2.45	0.244	100SPD_DIA	164_Staphylococcus_lugdunensis_09-00515_DIA100_5228_report.stats.tsv	164_Staphylococcus_lugdunensis_09-00515_DIA100_5228	Probe 97-192_100SPD_diaPASEF_diann_res	17214	Staphylococcus lugdunensis	28035	UniProt	UP000004055	09-00515	M23590	2421	69.51672862453532
/Probe 97-192_100SPD_diaPASEF/BacLandscape_100SPD_diaPASEF_Klebsiella_oxytoca__152_2-6-2024_5164.d	19201	2431	1236600000.0	18914230818	548608253756	2.292	0.036	3.45951	1.50364	2.31019	1.6615	0	0	0.108428	13.814	2.382	0.172	100SPD_DIA	168_Klebsiella_oxytoca_DSM5175_DIA100_5164_report.stats.tsv	168_Klebsiella_oxytoca_DSM5175_DIA100_5164	Probe 97-192_100SPD_diaPASEF_diann_res	16353	Klebsiella oxytoca	571	UniProt	UP000247485	DSM DSM5175(T)(=ATCC 13182)	67	5789	41.99343582656763
/Probe 97-192_100SPD_diaPASEF/BacLandscape_100SPD_diaPASEF_Staphylococcus_epidermidis__168_2-6-2024_5196.d	18867	1454	868560000.0	14236855852	336394961060	2.246	0.035	2.63304	1.32167	2.28319	1.91957	0	0	0.12026	13.907	2.453	0.249	100SPD_DIA	169_Staphylococcus_epidermidis_DSM20044_DIA100_5196_report.stats.tsv	169_Staphylococcus_epidermidis_DSM20044_DIA100_5196	Probe 97-192_100SPD_diaPASEF_diann_res	15657	Staphylococcus epidermidis	1282	UniProt	UP000000531	DSM 20044(=CCM 2124)	ATCC 35984	2492	58.34670947030498
/Probe 97-192_100SPD_diaPASEF/BacLandscape_100SPD_diaPASEF_Clostridium_perfringens__97_2-5-2024_5053.d	18745	1557	1372890000.0	18602337506	502032094292	2.257	0.035	1.58772	1.5612	1.96997	1.67385	0	0	0.108593	13.479	2.333	0.253	100SPD_DIA	178_Clostridium_perfringens_DSM628_DIA100_5053_report.stats.tsv	178_Clostridium_perfringens_DSM628_DIA100_5053	Probe 97-192_100SPD_diaPASEF_diann_res	16033	Clostridium perfringens	1502	UniProt	UP000000818	DSM 628	strain 13	2721	57.22160970231533
/Probe 97-192_100SPD_diaPASEF/BacLandscape_100SPD_diaPASEF_Prevotella_intermedia___106_2-5-2024_5072.d	12580	1298	602369000.0	15426058124	370409291340	2.294	0.036	1.41139	1.42106	2.10333	1.83754	0	0	0.121323	12.719	2.279	0.192	100SPD_DIA	181_Prevotella_intermedia_DSM20706_DIA100_5072_report.stats.tsv	181_Prevotella_intermedia_DSM20706_DIA100_5072	Probe 97-192_100SPD_diaPASEF_diann_res	11215	Prevotella intermedia	28131	UniProt	UP000229630	DSM 20706(T)	KCOM 2837	2335	55.58886509635974
/Probe 97-192_100SPD_diaPASEF/BacLandscape_100SPD_diaPASEF_Clostridioides_difficile_120_2-5-2024_5100.d	20738	1827	1350720000.0	19196822522	543586168352	2.234	0.035	2.60165	1.68379	1.92592	1.69744	0	0	0.122707	13.58	2.343	0.237	100SPD_DIA	182_Clostridioides_difficile_DSM12057_DIA100_5100_report.stats.tsv	182_Clostridioides_difficile_DSM12057_DIA100_5100	Probe 97-192_100SPD_diaPASEF_diann_res	17746	Clostridioides difficile	1496	UniProt	UP000001978	DSM 12057	strain 630	3762	48.5645933014354
/Probe 97-192_100SPD_diaPASEF/BacLandscape_100SPD_diaPASEF_Prevotella_melaninogenica__123_2-5-2024_5106.d	17285	1489	923463000.0	18469792930	518543523268	2.272	0.035	2.68384	1.45056	1.9766	1.63829	0	0	0.109202	13.24	2.336	0.195	100SPD_DIA	183_Prevotella_melaninogenica_DSM7089_DIA100_5106_report.stats.tsv	183_Prevotella_melaninogenica_DSM7089_DIA100_5106	Probe 97-192_100SPD_diaPASEF_diann_res	15048	Prevotella melaninogenica	28132	UniProt	UP000500843	DSM 7089(T)	FDAARGOS_760	2446	60.87489779231399
/Probe 97-192_100SPD_diaPASEF/BacLandscape_100SPD_diaPASEF_Prevotella_melaninogenica__113_2-5-2024_5086.d	17539	1500	966673000.0	17180068099	448150355028	2.261	0.035	1.75698	1.40094	1.82786	1.78766	0	0	0.110366	13.294	2.344	0.187	100SPD_DIA	185_Prevotella_melaninogenica_DSM26980_DIA100_5086_report.stats.tsv	185_Prevotella_melaninogenica_DSM26980_DIA100_5086	Probe 97-192_100SPD_diaPASEF_diann_res	15131	Prevotella melaninogenica	28132	UniProt	UP000500843	DSM 26980	FDAARGOS_760	2446	61.324611610793134
/Probe 97-192_100SPD_diaPASEF/BacLandscape_100SPD_diaPASEF_Salmonella_bongori_122_2-5-2024_5104.d	24022	2281	1288520000.0	18009011112	487660006920	2.296	0.036	2.84682	1.51679	2.03652	1.72237	0	0	0.122773	14.256	2.418	0.176	100SPD_DIA	191_Salmonella_bongori_DSM13772_DIA100_5104_report.stats.tsv	191_Salmonella_bongori_DSM13772_DIA100_5104	Probe 97-192_100SPD_diaPASEF_diann_res	20187	Salmonella bongori	54736	UniProt	UP000015042	DSM 13772(T)	N268-08	4751	48.01094506419702
/Probe 97-192_100SPD_diaPASEF/BacLandscape_100SPD_diaPASEF_Salmonella_enterica_subsp._enterica_Serovar_enteritidis___117_2-5-2024_5094.d	24346	2278	1393030000.0	19055522940	548484771668	2.292	0.036	2.73933	1.51637	1.88039	1.74818	0	0	0.113568	14.275	2.412	0.175	100SPD_DIA	193_Salmonella_enterica_sv_enteritidis_DSM107295_DIA100_5094_report.stats.tsv	193_Salmonella_enterica_sv_enteritidis_DSM107295_DIA100_5094	Probe 97-192_100SPD_diaPASEF_diann_res	20386	Salmonella enterica_sv_enteritidis	149539	UniProt	UP000839889	DSM 107295	WAPHL-SAL-A01127	4868	46.795398520953164
/Probe 97-192_100SPD_diaPASEF/BacLandscape_100SPD_diaPASEF_Salmonella_enterica_subsp._enterica_Serovar_paratyphi__A_121_2-5-2024_5102.d	22617	2119	1450450000.0	19480603705	570828851028	2.289	0.036	2.76521	1.51551	1.94678	1.6039	0	0	0.114648	14.301	2.421	0.18	100SPD_DIA	195_Salmonella_enterica_sv_paratyphi_167_DIA100_5102_report.stats.tsv	195_Salmonella_enterica_sv_paratyphi_167_DIA100_5102	Probe 97-192_100SPD_diaPASEF_diann_res	18884	Salmonella enterica_sv_paratyphi	54388	UniProt	UP000001599	A167	RKS4594	4601	46.05520539013258
/Probe 97-192_100SPD_diaPASEF/BacLandscape_100SPD_diaPASEF_Salmonella_enterica_subsp._enterica_Serovar_typhimurium___115_2-5-2024_5090.d	26550	2409	1536930000.0	19799887077	594059169848	2.286	0.036	2.16745	1.59945	1.72858	1.61086	0	0	0.114387	14.33	2.42	0.171	100SPD_DIA	199_Salmonella_enterica_sv_typhimurium_DSM17058_DIA100_5090_report.stats.tsv	199_Salmonella_enterica_sv_typhimurium_DSM17058_DIA100_5090	Probe 97-192_100SPD_diaPASEF_diann_res	22098	Salmonella enterica_sv_typhimurium	90371	UniProt	UP000839889	DSM 17058(T)	WAPHL-SAL-A01127	4868	49.48644207066557
/Probe 97-192_100SPD_diaPASEF/BacLandscape_100SPD_diaPASEF_Serratia_marcescens__110_2-5-2024_5080.d	24348	2506	1314450000.0	19308177279	570739045046	2.267	0.035	2.00168	1.48724	1.69968	1.65214	0	0	0.118953	14.177	2.402	0.158	100SPD_DIA	203_Serratia_ureilytica_RS2.1_DIA100_5080_report.stats.tsv	203_Serratia_ureilytica_RS2.1_DIA100_5080	Probe 97-192_100SPD_diaPASEF_diann_res	20577	Serratia ureilytica	615	UniProt	UP000222404	RS2.1	KHCo-24B	4899	51.15329659114105
/Probe 97-192_100SPD_diaPASEF/BacLandscape_100SPD_diaPASEF_Serratia_marcescens__119_2-5-2024_5098.d	25544	2656	1538920000.0	21498208427	692231552180	2.278	0.035	2.74515	1.61291	1.81978	1.60297	0	0	0.112345	14.253	2.401	0.168	100SPD_DIA	205_Serratia_bockelmannii_Wasserisolat04_DIA100_5098_report.stats.tsv	205_Serratia_bockelmannii_Wasserisolat04_DIA100_5098	Probe 97-192_100SPD_diaPASEF_diann_res	21476	Serratia bockelmannii	615	UniProt	UP000222404	Wasserisolat	KHCo-24B	4899	54.21514594815269
/Probe 97-192_100SPD_diaPASEF/BacLandscape_100SPD_diaPASEF_Listeria_monocytogenes___130_2-6-2024_5120.d	18432	1762	1225710000.0	17598201150	469831980170	2.202	0.034	2.44959	1.4643	1.92617	1.67352	0	0	0.111672	13.75	2.376	0.204	100SPD_DIA	206_Listeria_monocytogenes_DSM15675_DIA100_5120_report.stats.tsv	206_Listeria_monocytogenes_DSM15675_DIA100_5120	Probe 97-192_100SPD_diaPASEF_diann_res	15532	Listeria monocytogenes	1639	UniProt	UP000000817	DSM 15675	ATCC BAA-679 / EGD-e	2844	61.954992967651194
/Probe 97-192_100SPD_diaPASEF/BacLandscape_100SPD_diaPASEF_Listeria_monocytogenes___129_2-6-2024_5118.d	19427	1744	1301090000.0	18183619574	501043186160	2.242	0.035	2.69056	1.49641	1.88419	1.6697	0	0	0.119813	13.874	2.397	0.234	100SPD_DIA	208_Listeria_monocytogenes_DSM19094_DIA100_5118_report.stats.tsv	208_Listeria_monocytogenes_DSM19094_DIA100_5118	Probe 97-192_100SPD_diaPASEF_diann_res	16105	Listeria monocytogenes	1639	UniProt	UP000000817	DSM 19094	ATCC BAA-679 / EGD-e	2844	61.32208157524614
/Probe 97-192_100SPD_diaPASEF/BacLandscape_100SPD_diaPASEF_Staphylococcus_haemolyticus_189_2-7-2024_5238.d	16780	1455	572978000.0	12669300790	273449971048	2.168	0.034	1.55495	1.25104	1.91235	1.89589	0	0	0.121637	13.929	2.449	0.259	100SPD_DIA	209_Staphylococcus_haemolyticus_DSM20228_DIA100_5238_report.stats.tsv	209_Staphylococcus_haemolyticus_DSM20228_DIA100_5238	Probe 97-192_100SPD_diaPASEF_diann_res	14161	Staphylococcus haemolyticus	1283	UniProt	UP000000543	DSM 20228	JCSC1435	2640	55.11363636363637
/Probe 97-192_100SPD_diaPASEF/BacLandscape_100SPD_diaPASEF_Staphylococcus_saprophyticus_subsp._bovis_109_2-5-2024_5078.d	14655	1412	432438000.0	12596897953	262836931556	2.129	0.033	1.31183	1.28046	2.49777	2.16781	0	0	0.113216	13.697	2.408	0.234	100SPD_DIA	213_Staphylococcus_saprophyticus_ssp_bovis_DSM18669_DIA100_5078_report.stats.tsv	213_Staphylococcus_saprophyticus_ssp_bovis_DSM18669_DIA100_5078	Probe 97-192_100SPD_diaPASEF_diann_res	12457	Staphylococcus saprophyticus_ssp_bovis	29385	UniProt	UP000006371	DSM 18669(T)	DSM 20229	2404	58.73544093178037
/Probe 97-192_100SPD_diaPASEF/BacLandscape_100SPD_diaPASEF_Staphylococcus_saprophyticus_(CoNS)_112_2-5-2024_5084.d	16072	1460	618504000.0	14241237279	330529452254	2.249	0.035	1.37805	1.29146	2.05705	1.91003	0	0	0.117685	13.97	2.44	0.245	100SPD_DIA	215_Staphylococcus_saprophyticus_DSM30626_DIA100_5084_report.stats.tsv	215_Staphylococcus_saprophyticus_DSM30626_DIA100_5084	Probe 97-192_100SPD_diaPASEF_diann_res	13541	Staphylococcus saprophyticus	29385	UniProt	UP000006371	DSM 30626	DSM 20229	2404	60.732113144758735
/Probe 97-192_100SPD_diaPASEF/BacLandscape_100SPD_diaPASEF_Stenotrophomonas_maltophilia___175_2-6-2024_5210.d	18761	2099	909944000.0	15949371055	407835476768	2.365	0.037	2.61841	1.33988	2.04481	1.72198	0	0	0.112264	13.948	2.387	0.158	100SPD_DIA	245_Stenotrophomonas_geniculata_Sm_51_DIA100_5210_report.stats.tsv	245_Stenotrophomonas_geniculata_Sm_51_DIA100_5210	Probe 97-192_100SPD_diaPASEF_diann_res	16241	Stenotrophomonas geniculata	40324	UniProt	UP000001867	Sm 51	R551-3	4026	52.13611525086935
/Probe 97-192_100SPD_diaPASEF/BacLandscape_100SPD_diaPASEF_Streptococcus_pyogenes__144_2-6-2024_5148.d	16633	1197	1215710000.0	17934121021	490315030976	2.178	0.034	3.28397	1.42928	2.29725	1.57562	0	0	0.117299	14.284	2.426	0.229	100SPD_DIA	248_Streptococcus_pyogenes_DSM20565_DIA100_5148_report.stats.tsv	248_Streptococcus_pyogenes_DSM20565_DIA100_5148	Probe 97-192_100SPD_diaPASEF_diann_res	13624	Streptococcus pyogenes	1314	UniProt	UP000000750	DSM 20565(T)	ATCC 700294 / SF370 / Serotype M1	1690	70.82840236686391
/Probe 97-192_100SPD_diaPASEF/BacLandscape_100SPD_diaPASEF_Yersinia_enterocolitica_140_2-6-2024_5140.d	25467	2291	1300270000.0	17392721091	463549860860	2.245	0.035	2.59592	1.39364	1.87278	1.69477	0	0	0.123557	14.25	2.414	0.178	100SPD_DIA	258_Yersinia_enterocolitica_DSM4780_DIA100_5140_report.stats.tsv	258_Yersinia_enterocolitica_DSM4780_DIA100_5140	Probe 97-192_100SPD_diaPASEF_diann_res	21567	Yersinia enterocolitica	630	UniProt	UP000000642	DSM 4780(T)	NCTC 13174 / 8081	4026	56.90511674118232
/Probe 97-192_100SPD_diaPASEF/BacLandscape_100SPD_diaPASEF_Yersinia_enterocolitica_179_2-6-2024_5218.d	23412	2166	1369260000.0	18428323214	533484159708	2.24	0.035	2.53733	1.50953	1.80704	1.67291	0	0	0.123271	14.231	2.42	0.187	100SPD_DIA	260_Yersinia_enterocolitica_DSM9676_DIA100_5218_report.stats.tsv	260_Yersinia_enterocolitica_DSM9676_DIA100_5218	Probe 97-192_100SPD_diaPASEF_diann_res	19617	Yersinia enterocolitica	630	UniProt	UP000000642	DSM 9676	NCTC 13174 / 8081	4026	53.80029806259314
/Probe 97-192_100SPD_diaPASEF/BacLandscape_100SPD_diaPASEF_Yersinia_pseudotuberculosis___138_2-6-2024_5136.d	24441	2045	1298670000.0	17998293586	500955973352	2.255	0.035	2.81094	1.54776	2.05534	1.74617	0	0	0.120046	14.435	2.44	0.209	100SPD_DIA	262_Yersinia_pseudotuberculosis_DSM8992_DIA100_5136_report.stats.tsv	262_Yersinia_pseudotuberculosis_DSM8992_DIA100_5136	Probe 97-192_100SPD_diaPASEF_diann_res	20296	Yersinia pseudotuberculosis	633	UniProt	UP000001011	DSM 8992(T)	IP32953	4016	50.921314741035864
/Probe 193-206_100SPD_diaPASEF/BacLandscape_100SPD_diaPASEF_Citrobacter_amalonaticus_194_3-28-2024_6456.d	17753	2056	1228320000.0	19374069871	565940556020	2.223	0.035	1.83776	1.55497	1.59509	1.49333	0	0	0.11603	14.009	2.405	0.208	100SPD_DIA	023_Citrobacter_amalonaticus_04-08695_DIA100_6456_report.stats.tsv	023_Citrobacter_amalonaticus_04-08695_DIA100_6456	Probe 193-206_100SPD_diaPASEF_diann_res	14567	Citrobacter amalonaticus	35703	UniProt	UP000237003	04/08695	S1285	5139	40.007783615489394
/Probe 193-206_100SPD_diaPASEF/BacLandscape_100SPD_diaPASEF_Bacillus_subtilis_ssp._spizizenii_206_3-28-2024_6480.d	29074	2252	1631300000.0	18935367796	530656021600	2.192	0.034	2.33717	1.39761	1.79023	1.61205	0	0	0.118425	14.392	2.439	0.251	100SPD_DIA	027_Bacillus_subtilis_ssp_spizizenii_ATCC6633_DIA100_6480_report.stats.tsv	027_Bacillus_subtilis_ssp_spizizenii_ATCC6633_DIA100_6480	Probe 193-206_100SPD_diaPASEF_diann_res	23540	Bacillus subtilis_ssp_spizizenii	703612	UniProt	UP000002233	ATCC 6633	ATCC 23059	4053	55.56377991611152
/Probe 193-206_100SPD_diaPASEF/BacLandscape_100SPD_diaPASEF_Burkholderia_cepacia_197_3-28-2024_6462.d	18056	2263	1060140000.0	18600177557	522735209136	2.23	0.035	1.71123	1.46083	1.68409	1.57007	0	0	0.10746	13.877	2.388	0.18	100SPD_DIA	043_Burkholderia_cenocepacia_ATCC25608_DIA100_6462_report.stats.tsv	043_Burkholderia_cenocepacia_ATCC25608_DIA100_6462	Probe 193-206_100SPD_diaPASEF_diann_res	15012	Burkholderia cenocepacia	292	UniProt	UP000002287	ATCC 25608	R1808	7409	30.543933054393307
/Probe 193-206_100SPD_diaPASEF/BacLandscape_100SPD_diaPASEF_Escherichia_coli_205_3-28-2024_6478.d	26104	2259	1492350000.0	19173645204	540152790988	2.26	0.035	2.53746	1.46448	1.85547	1.71983	0	0	0.107736	14.492	2.435	0.233	100SPD_DIA	088_Escherichia_coli_DSM682_DIA100_6478_report.stats.tsv	088_Escherichia_coli_DSM682_DIA100_6478	Probe 193-206_100SPD_diaPASEF_diann_res	21214	Escherichia coli	562	UniProt	UP000008205	DSM 682	E2348/69 / EPEC	4594	49.17283413147584
/Probe 193-206_100SPD_diaPASEF/BacLandscape_100SPD_diaPASEF_Enterococcus_hirae_202_3-28-2024_6472.d	20940	1588	1402560000.0	18441705365	513491863162	2.198	0.034	2.22023	1.57988	1.80257	1.72778	0	0	0.119931	14.531	2.448	0.27	100SPD_DIA	102_Enterococcus_hirae_P25_2_DIA100_6472_report.stats.tsv	102_Enterococcus_hirae_P25_2_DIA100_6472	Probe 193-206_100SPD_diaPASEF_diann_res	16812	Enterococcus hirae	1354	UniProt	UP000352698	P25_2	NCTC12204	2651	59.90192380233874
/Probe 193-206_100SPD_diaPASEF/BacLandscape_100SPD_diaPASEF_Enterococcus_faecium_203_3-28-2024_6474.d	17256	1479	1208210000.0	18500542538	507142520672	2.195	0.034	2.44794	1.42093	1.80254	1.56387	0	0	0.1052	14.195	2.422	0.266	100SPD_DIA	110_Enterococcus_faecium_UW6203_DIA100_6474_report.stats.tsv	110_Enterococcus_faecium_UW6203_DIA100_6474	Probe 193-206_100SPD_diaPASEF_diann_res	13998	Enterococcus faecium	1352	UniProt	UP000010553	UW6203	E1590	2877	51.407716371220026
/Probe 193-206_100SPD_diaPASEF/BacLandscape_100SPD_diaPASEF_Enterococcus_hirae_193_3-28-2024_6454.d	8249	1052	862746000.0	18821801671	534717523422	2.249	0.035	1.86964	1.59743	1.58962	1.50432	0	0	0.111473	13.737	2.394	0.25	100SPD_DIA	122_Enterococcus_durans_P25_3_DIA100_6454_report.stats.tsv	122_Enterococcus_durans_P25_3_DIA100_6454	Probe 193-206_100SPD_diaPASEF_diann_res	6703	Enterococcus durans	1354	UniProt	UP000352698	P25_3	NCTC12204	2651	39.68313843832516
/Probe 193-206_100SPD_diaPASEF/BacLandscape_100SPD_diaPASEF_Klebsiella_aerogenes_198_3-28-2024_6464.d	31119	2769	1520660000.0	17594030716	462806230964	2.266	0.035	1.77675	1.43142	1.74764	1.70701	0	0	0.115038	14.645	2.44	0.192	100SPD_DIA	125_Klebsiella_aerogenes_E56_DIA100_6464_report.stats.tsv	125_Klebsiella_aerogenes_E56_DIA100_6464	Probe 193-206_100SPD_diaPASEF_diann_res	25672	Klebsiella aerogenes	548	UniProt	UP000008881	E56	DSM 30053	4909	56.40660012222448
/Probe 193-206_100SPD_diaPASEF/BacLandscape_100SPD_diaPASEF_Proteus_vulgaris_195_3-28-2024_6458.d	13356	1587	1129010000.0	19715854723	563417564310	2.272	0.035	2.09479	1.50205	1.53159	1.50293	0	0	0.111599	13.836	2.388	0.204	100SPD_DIA	137_Proteus_mirabilis_718-91_DIA100_6458_report.stats.tsv	137_Proteus_mirabilis_718-91_DIA100_6458	Probe 193-206_100SPD_diaPASEF_diann_res	10893	Proteus mirabilis	585	UniProt	UP000254331	718/91	NCTC10376	3963	40.045420136260404
/Probe 193-206_100SPD_diaPASEF/BacLandscape_100SPD_diaPASEF_Pseudomonas_aeruginosa_204_3-28-2024_6476.d	34154	3250	1500520000.0	18094996158	486152187508	2.256	0.035	2.30862	1.53473	1.77078	1.61428	0	0	0.121338	14.499	2.416	0.191	100SPD_DIA	140_Pseudomonas_aeruginosa_ATCC33355_DIA100_6476_report.stats.tsv	140_Pseudomonas_aeruginosa_ATCC33355_DIA100_6476	Probe 193-206_100SPD_diaPASEF_diann_res	28486	Pseudomonas aeruginosa	287	UniProt	UP000002438	ATCC 33355	DSM 22644	5563	58.421714902031276
/Probe 193-206_100SPD_diaPASEF/BacLandscape_100SPD_diaPASEF_Ralstonia_pickettii_199_3-28-2024_6466.d	16351	1805	1018850000.0	17805724019	472128157700	2.208	0.034	1.92374	1.37783	1.66181	1.60257	0	0	0.11045	13.907	2.4	0.192	100SPD_DIA	143_Ralstonia_condita_HST_2644_DIA100_6466_report.stats.tsv	143_Ralstonia_condita_HST_2644_DIA100_6466	Probe 193-206_100SPD_diaPASEF_diann_res	13418	Ralstonia condita	329	UniProt	UP000441032	HST 2644	PSLESD1	4773	37.81688665409595
/Probe 193-206_100SPD_diaPASEF/BacLandscape_100SPD_diaPASEF_Yersinia_enterocolitica_196_3-28-2024_6460.d	27460	2345	1537570000.0	18859969131	524771543100	2.217	0.034	1.8601	1.53479	1.64064	1.59182	0	0	0.120531	14.436	2.432	0.213	100SPD_DIA	167_Yersinia_enterocolitica_DSM11503_DIA100_6460_report.stats.tsv	167_Yersinia_enterocolitica_DSM11503_DIA100_6460	Probe 193-206_100SPD_diaPASEF_diann_res	22351	Yersinia enterocolitica	630	UniProt	UP000000642	DSM 11503	NCTC 13174 / 8081	4026	58.24639841033283
/Probe 193-206_100SPD_diaPASEF/BacLandscape_100SPD_diaPASEF_Acinetobacter_baumannii_201_3-28-2024_6470.d	31536	2403	1549310000.0	18806591950	523165624736	2.142	0.033	2.29368	1.4826	1.68024	1.55475	0	0	0.123703	14.776	2.471	0.239	100SPD_DIA	198_Acinetobacter_baumannii_DSM30007_DIA100_6470_report.stats.tsv	198_Acinetobacter_baumannii_DSM30007_DIA100_6470	Probe 193-206_100SPD_diaPASEF_diann_res	25561	Acinetobacter baumannii	470	UniProt	UP000005740	DSM 30007	DSM 30007	3765	63.82470119521913
/Probe 193-206_100SPD_diaPASEF/BacLandscape_100SPD_diaPASEF_Acinetobacter_baumannii_200_3-28-2024_6468.d	25803	2134	1506910000.0	19096000294	537805090172	2.221	0.035	2.32904	1.55417	1.82733	1.70313	0	0	0.110419	14.505	2.446	0.203	100SPD_DIA	277_Acinetobacter_baumannii_DSM24110_DIA100_6468_report.stats.tsv	277_Acinetobacter_baumannii_DSM24110_DIA100_6468	Probe 193-206_100SPD_diaPASEF_diann_res	20716	Acinetobacter baumannii	470	UniProt	UP000005740	DSM 24110	DSM 30007	3765	56.679946879150066
